Tax ID Number,Property Class,Property Address,Sale Date,Sale Price,SqFt, Sale Price per SqFt , Sale Price Time Adj , Sale Price Adj per SF ,Style,Year Built,Acreage,Bedrooms,Baths
166.5-1-2,Single Family,3 Daniel St,12/24/2025,300000,996,301.2,300000,301.2,Ranch,1979,0.15,3,1
155.14-8-17.2,Single Family,379 Eastern Ave,11/24/2025,265000,850,311.76,265000,311.76,Ranch,1952,0.11,3,1
166.7-7-7.2,Single Family,16 Greenbush Ave,11/24/2025,520000,1825,284.93,520000,284.93,Ranch,2023,0.92,5,2
177.8-11-13,Single Family,33 Bloomingdale Ave,11/24/2025,288500,1092,264.19,288500,264.19,Ranch,1967,0.27,3,2
155.9-9-7,Single Family,24 Massachusetts Ave,11/24/2025,212500,936,227.03,212500,227.03,Ranch,1955,0.13,3,1
166.7-7-1,Single Family,27 Springfield Ave,11/24/2025,255000,1180,216.1,255000,216.1,Ranch,1950,0.21,2,1
166.5-1-16,Single Family,30 Celeste Dr,10/24/2025,390000,1402,278.17,390000,278.17,Ranch,1983,0.18,3,2
178.5-3-9.2,Single Family,153 Horizon View Dr,10/24/2025,386500,2147,180.02,386500,180.02,Ranch,1964,0.51,4,2.5
167.-3-2.22,Single Fam w Apt,51 New Rd,10/24/2025,637000,2584,246.52,637000,246.52,Ranch,1978,2.39,4,3.5
154.-1-8,Two Family,92B Columbia Tpke,10/24/2025,158000,1216,129.93,158000,129.93,Ranch,1974,0.57,3,2
146.-1-12,Single Family,60 Providence Dr,10/24/2025,315200,1359,231.94,315200,231.94,Ranch,1978,1.31,3,1
155.13-21-34,Single Family,9 Manistee St,9/24/2025,308000,1400,220,308000,220,Ranch,2023,0.19,3,2
155.16-2-25,Single Family,16 Kitty Ln,9/24/2025,313000,1008,310.52,313000,310.52,Ranch,1965,0.28,3,1
166.-6-8.1,Single Family,7 Elliot Ave,9/24/2025,200000,1040,192.31,200000,192.31,Ranch,1985,0.44,3,1
166.20-2-2,Single Family,2 Elliot Ave,9/24/2025,121000,1144,105.77,121000,105.77,Ranch,1935,0.3,3,2
154.68-9-5.1,Single Family,10 Prospect Heights Ave,8/24/2025,235000,988,237.85,235000,237.85,Ranch,1945,0.37,2,1
144.14-1-40,Single Family,2 Plaza Ave,8/24/2025,415000,1297,319.97,415000,319.97,Ranch,1987,0.33,3,2
155.14-17-5.2,Single Family,208 Dailey Pl,8/24/2025,245000,620,395.16,245000,395.16,Ranch,1935,0.06,2,1
155.14-6-11,Single Family,327 Hampton Ave,8/24/2025,230000,988,232.79,230000,232.79,Ranch,1951,0.14,2,1
155.14-13-22,Single Family,227 Washington Ave E,8/24/2025,230000,875,262.86,230000,262.86,Ranch,1952,0.15,2,1
155.9-1-8.2,Single Family,35 Bruen Ct,8/24/2025,357000,1474,242.2,357000,242.2,Ranch,2016,0.22,3,2
155.16-3-6,Single Family,4 Kitty Ct,7/24/2025,300000,1092,274.73,300000,274.73,Ranch,1983,0.52,3,2
178.-1-14.15,Single Family,2 Fieldcrest Dr,7/24/2025,685000,3076,222.69,685000,222.69,Ranch,2010,1.38,4,2.5
155.13-13-9,Single Family,109 Washington Ave W,7/24/2025,232000,1080,214.81,232000,214.81,Ranch,1956,0.14,3,1
166.15-3-7,Single Fam w Apt,1 Parkview Dr,7/24/2025,320000,1188,269.36,320000,269.36,Ranch,1960,0.33,2,1
166.7-1-1,Single Family,4 Columbia Dr,7/24/2025,440000,1480,297.3,440000,297.3,Ranch,1952,5,3,2
155.14-12-4,Single Family,224 Washington Ave E,7/24/2025,225000,988,227.73,225000,227.73,Ranch,1973,0.14,2,1.5
166.11-4-3,Single Family,15 Jefferson Ave,6/24/2025,432000,1696,254.72,438804,258.73,Ranch,1955,0.34,3,2
166.16-14-1.1,Single Family,1 Park Dr,5/24/2025,325000,1132,287.1,330119,291.62,Ranch,1990,0.4,3,1.5
177.12-1-1.1,Single Family,2754 Brookview Rd,5/24/2025,329000,1256,261.94,334182,266.07,Ranch,1956,0.35,3,1.5
144.-4-50,Single Family,11 Patroon Ln,4/24/2025,150000,1140,131.58,152363,133.65,Ranch,1950,0.61,3,1
155.18-5-16,Single Family,245 Maryland Ave E,3/24/2025,200000,825,242.42,206300,250.06,Ranch,1950,0.11,2,1
155.14-13-25,Single Family,217 Washington Ave E,3/24/2025,255000,1330,191.73,263033,197.77,Ranch,1952,0.14,3,1
155.15-2-1,Single Family,1 Theresa Ln,3/24/2025,392000,1660,236.14,404348,243.58,Ranch,2011,0.46,3,1.5
155.14-13-19,Single Family,247 Washington Ave E,2/24/2025,176000,1720,102.33,181544,105.55,Ranch,1928,0.4,3,2.5
144.10-1-14,Single Family,36 Rockefeller Blvd,2/24/2025,325000,1386,234.49,335238,241.87,Ranch,1988,0.27,3,2
155.13-8-7,Single Family,11 New Jersey Ave,1/24/2025,183000,1036,176.64,188765,182.21,Ranch,1946,0.14,2,1
155.9-15-10,Single Family,11 Rhode Island Ave,1/24/2025,180000,884,203.62,185670,210.03,Ranch,1973,0.15,2,1.5
154.4-6-2,Single Family,3 Linden Ave,1/24/2025,242500,852,284.62,250139,293.59,Ranch,1965,0.17,2,1
155.11-1-19,Single Fam w Apt,10 Rose Ln,12/23/2025,429900,1875,229.28,450213,240.11,Ranch,1998,0.46,3,2
166.7-3-10.2,Single Family,5 Pittsfield Ave,12/23/2025,269900,1152,234.29,282653,245.36,Ranch,1997,0.17,3,2
155.14-8-1,Single Family,301 Eastern Ave,12/23/2025,253000,1030,245.63,264954,257.24,Ranch,1953,0.11,3,1
166.15-1-3,Single Family,15 Adams Ave,11/23/2025,310000,1528,202.88,324648,212.47,Ranch,1952,0.34,3,2
167.-1-9,Single Family,245 Elliot Rd,11/23/2025,162000,962,168.4,169655,176.36,Ranch,1959,7.69,2,1
154.68-2-2,Single Family,32 Acorn Ave,11/23/2025,270000,1020,264.71,282758,277.21,Ranch,1970,0.18,3,1.5
177.8-9-27,Single Family,19 Middlesex Rd,10/23/2025,329000,1042,315.74,344545,330.66,Ranch,1942,0.21,3,2
155.14-13-31,Single Family,225 Park Ave,10/23/2025,219000,1099,199.27,229348,208.69,Ranch,1969,0.12,3,1
155.16-1-12,Single Family,33 Paul St,9/23/2025,305000,1215,251.03,324215,266.84,Ranch,1960,0.32,3,1
155.13-8-5,Single Family,15 New Jersey Ave,9/23/2025,238000,1015,234.48,252994,249.26,Ranch,1960,0.14,3,1
154.68-6-5,Single Family,17 Pine Grove St,9/23/2025,192000,1112,172.66,204096,183.54,Ranch,1920,0.2,2,1
177.1-1-3,Single Family,221 Hays Rd,7/23/2025,617550,2044,302.13,656456,321.16,Ranch,2022,0.49,3,2.5
155.15-2-9,Single Family,11 Stock Ln,7/23/2025,300000,1352,221.89,318900,235.87,Ranch,1954,0.56,3,1
166.10-17-9,Single Family,28 Maine Ave,6/23/2025,282500,1421,198.8,305171,214.76,Ranch,1970,0.34,4,2
167.-3-2.124,Single Family,31 New Rd,6/23/2025,398000,1653,240.77,429940,260.1,Ranch,2007,2.06,3,2
166.14-7-5,Single Family,18 Adams Ave,6/23/2025,299000,1092,273.81,322995,295.78,Ranch,1959,0.27,3,1
144.10-1-7,Single Family,3 Plaza Ave,5/23/2025,310000,1297,239.01,334878,258.19,Ranch,1988,0.25,2,2
155.18-7-4,Single Family,210 Spring Ave E,5/23/2025,192610,875,220.13,208067,237.79,Ranch,1951,0.12,3,1
155.14-6-17,Single Family,213 Summit Ave,4/23/2025,205000,1100,186.36,221451,201.32,Ranch,1955,0.14,3,2
166.10-2-8,Single Family,8 Arizona Ave,2/23/2025,130000,960,135.42,142675,148.62,Ranch,1950,0.14,3,1
166.19-3-1,Single Fam w Apt,38 Gilligan Rd,1/23/2025,500000,2358,212.04,548750,232.72,Ranch,1980,6.13,4,3.5
177.8-9-29,Single Family,23 Middlesex Rd,1/23/2025,215000,878,244.87,235963,268.75,Ranch,1950,0.41,2,1
155.14-1-3,Single Family,5 Connecticut Ave,12/22/2025,220000,1140,192.98,245245,215.13,Ranch,1934,0.14,3,2
155.14-13-26,Single Family,213 Washington Ave E,12/22/2025,190000,875,217.14,211803,242.06,Ranch,1952,0.15,3,1
155.9-1-10,Single Family,31 Bruen Ct,11/22/2025,182500,988,184.72,203442,205.91,Ranch,1957,0.24,3,1
155.13-3-2,Single Family,101 Sherwood Ave,11/22/2025,275000,2054,133.89,306556,149.25,Ranch,1962,0.26,3,2
155.-10-25,Single Family,16A Columbia Dr,11/22/2025,410000,2250,182.22,457048,203.13,Ranch,1965,4.93,3,3.5
155.14-20-1,Single Family,26 Ontario Ave,11/22/2025,205000,1040,197.12,228524,219.73,Ranch,1946,0.19,3,1
166.10-17-9,Single Family,28 Maine Ave,11/22/2025,125000,1421,87.97,139344,98.06,Ranch,1970,0.34,4,2
166.15-2-6,Single Fam w Apt,37 Jefferson Ave,10/22/2025,360000,1712,210.28,401310,234.41,Ranch,1958,0.31,4,3
155.9-14-1,Single Family,25 Massachusetts Ave,10/22/2025,213000,1200,177.5,237442,197.87,Ranch,1969,0.17,3,2
155.16-1-23,Single Family,16 Paul St,10/22/2025,250000,1056,236.74,278688,263.91,Ranch,1960,0.3,3,1
177.12-4-4,Single Family,4 Hydor Dr,9/22/2025,355000,1350,262.96,401860,297.67,Ranch,1994,0.3,3,2
155.13-7-16,Single Family,33 Hampton Ave,9/22/2025,240000,1626,147.6,271680,167.08,Ranch,1949,0.2,4,2.5
167.13-3-31,Single Family,33 Huntswood Ln,9/22/2025,545000,1972,276.37,616940,312.85,Ranch,2002,0.5,5,3.5
155.14-12-8,Single Family,234 Washington Ave E,9/22/2025,210000,918,228.76,237720,258.95,Ranch,1950,0.11,3,1
155.9-16-5,Single Family,27 Connecticut Ave,9/22/2025,212000,1040,203.85,239984,230.75,Ranch,1920,0.14,3,2
166.10-5-6,Single Family,1 Jefferson Ave,8/22/2025,305000,1255,243.03,345260,275.11,Ranch,1957,0.29,3,2.5
155.18-4-9,Single Family,271 Summit Ave,8/22/2025,211000,885,238.42,238852,269.89,Ranch,1946,0.13,3,1
177.8-4-20,Single Family,15 Van Buren Ave,8/22/2025,275000,1318,208.65,311300,236.19,Ranch,1965,0.31,2,1.5
155.18-6-2,Single Family,257 Lake Shore Dr,8/22/2025,206000,962,214.14,233192,242.4,Ranch,1965,0.2,2,1
155.10-7-2,Single Family,15 New Hampshire Ave,7/22/2025,261500,2180,119.95,296018,135.79,Ranch,1955,0.21,4,2.5
155.18-7-2,Single Family,202 Spring Ave E,7/22/2025,167000,1002,166.67,189044,188.67,Ranch,1950,0.13,3,1
155.10-7-4,Single Family,11 New Hampshire Ave,6/22/2025,192500,912,211.07,223050,244.57,Ranch,1975,0.14,3,1
154.4-15-2.51,Single Family,28 Arcadia Ave,6/22/2025,225123,960,234.5,260850,271.72,Ranch,1990,0.24,3,1.5
157.-2-1.18,Single Family,78 Louis Dr,6/22/2025,555000,3494,158.84,643079,184.05,Ranch,1982,4.84,5,4
155.13-21-32,Single Family,3 May St,6/22/2025,229900,1150,199.91,266385,231.64,Ranch,1969,0.18,3,1.5
178.-1-1.3,Single Family,143 Horizon View Dr,6/22/2025,395000,2178,181.36,457687,210.14,Ranch,1958,3.28,5,2
155.17-22-8.4,Single Family,44 Ridge Rd,6/22/2025,565000,1924,293.66,654666,340.26,Ranch,2011,1.79,3,3
144.3-1-23.2,Single Family,289 3rd Ave Ext,6/22/2025,337500,1690,199.7,391061,231.4,Ranch,1961,0.6,3,3
166.5-2-31,Single Family,52 Celeste Dr,5/22/2025,350719,1410,248.74,406378,288.21,Ranch,1988,0.21,3,2
155.-2-29,Single Fam w Apt,3 Olcott Ln,5/22/2025,265000,3456,76.68,307056,88.85,Ranch,1968,0.17,4,4
157.-2-2,Single Family,40 Louis Dr,5/22/2025,465000,1818,255.78,538796,296.37,Ranch,1961,2.41,4,2
167.-4-48,Single Family,487 Elliot Rd,4/22/2025,300000,1590,188.68,347610,218.62,Ranch,1971,0.95,3,2
166.15-1-10,Single Family,28 Jefferson Ave,3/22/2025,230000,1092,210.62,272642,249.67,Ranch,1960,0.27,3,1
154.52-1-5,Single Family,1 Riverview Terr,3/22/2025,243000,1463,166.1,288052,196.89,Ranch,1961,0.18,3,1
155.12-1-11,Single Fam w Apt,13 Paul St,2/22/2025,273000,1104,247.28,323614,293.13,Ranch,1959,0.28,3,2
155.17-5-2,Single Family,16 Maple St,2/22/2025,156000,1120,139.29,184922,165.11,Ranch,1968,0.2,3,1.5
157.-1-8,Single Family,400 Old Best Rd,2/22/2025,215000,1170,183.76,254861,217.83,Ranch,1950,0.37,2,1
155.9-6-2,Single Family,56 New York Ave,1/22/2025,130000,1190,109.24,154102,129.5,Ranch,1953,0.13,2,1
154.52-1-10,Single Family,11 Riverview Terr,1/22/2025,238900,984,242.78,283192,287.8,Ranch,1967,0.25,3,1.5
155.9-18-1.1,Single Family,27 New Jersey Ave,12/21/2025,235000,1008,233.13,284844,282.58,Ranch,2002,0.13,3,2.5
155.14-7-10,Single Family,348 Eastern Ave,12/21/2025,215000,1460,147.26,260602,178.49,Ranch,1951,0.14,3,1
166.10-7-3.1,Single Family,11 Oregon Ave,12/21/2025,246800,1231,200.49,299146,243.01,Ranch,1981,0.14,3,2
146.-1-8.2,Single Family,18 Providence Dr,11/21/2025,235000,1326,177.22,284844,214.81,Ranch,1981,1.17,3,1
154.4-15-2.611,Single Family,41 Railroad Ave,11/21/2025,230000,960,239.58,278783,290.4,Ranch,1991,0.29,3,1
156.-3-17,Single Family,1054 Best Rd,11/21/2025,313000,2208,141.76,379387,171.82,Ranch,1955,5.37,3,2
166.10-21-5,Single Family,26 Corliss Ave,10/21/2025,237500,936,253.74,287874,307.56,Ranch,1965,0.14,3,1.5
144.3-1-20.1,Single Family,299 3rd Avenue Ext,10/21/2025,250000,1080,231.48,303025,280.58,Ranch,1961,0.23,3,1
155.14-10-12,Single Family,331 Madison Ave E,10/21/2025,130000,1192,109.06,157573,132.19,Ranch,1974,0.14,3,1
155.9-5-4,Single Family,41 New York Ave,10/21/2025,180500,912,197.92,218784,239.89,Ranch,1950,0.14,2,1
144.10-1-16,Single Family,32 Rockefeller Blvd,10/21/2025,280000,1458,192.04,339388,232.78,Ranch,1989,0.27,3,2
167.-5-7,Single Family,341 Waters Rd,9/21/2025,291000,1780,163.48,360491,202.52,Ranch,1960,0.98,3,1.5
166.15-1-7,Single Family,5 Adams Ave,9/21/2025,172500,850,202.94,213693,251.4,Ranch,1954,0.29,2,1
166.20-4-7,Single Family,11 Birchwood Dr,9/21/2025,285000,1612,176.8,353058,219.02,Ranch,1940,0.2,2,2
155.14-5-8,Single Family,314 Eastern Ave,9/21/2025,180000,864,208.33,222984,258.08,Ranch,1955,0.15,2,1
155.16-4-6,Single Family,5 Glaz St,9/21/2025,295000,1680,175.6,365446,217.53,Ranch,1985,0.45,3,2
155.10-4-7.1,Single Family,10 Connecticut Ave,9/21/2025,210000,1120,187.5,260148,232.28,Ranch,2002,0.14,3,2
155.17-21-9,Single Family,9 Orchard St,9/21/2025,250000,1358,184.09,309700,228.06,Ranch,1915,2.21,3,1.5
144.14-1-12,Single Family,1 Rockefeller Blvd,8/21/2025,271605,1310,207.33,336464,256.84,Ranch,1986,0.32,3,2
155.9-18-1.3,Single Family,49 Sherwood Ave,8/21/2025,225000,1176,191.33,278730,237.02,Ranch,2002,0.16,3,2
178.-1-3.3,Single Family,176 Waters Rd,8/21/2025,401500,2764,145.26,497378,179.95,Ranch,1983,1.04,4,2.5
177.12-1-16,Single Family,2 Pheasant Ln,8/21/2025,270000,1520,177.63,334476,220.05,Ranch,1974,0.32,3,1.5
155.9-6-7,Single Family,46 New York Ave,8/21/2025,269500,1740,154.89,333857,191.87,Ranch,2021,0.23,3,2
166.10-15-8,Single Family,20 Michigan Ave,7/21/2025,191000,1036,184.36,236611,228.39,Ranch,1964,0.19,3,1
177.8-11-8,Single Family,25 Bloomingdale Ave,7/21/2025,280000,1344,208.33,346864,258.08,Ranch,1966,0.43,3,2
144.-4-51,Single Family,15 Patroon Ln,7/21/2025,235000,2010,116.92,291118,144.83,Ranch,1958,0.55,4,2
166.5-1-6,Single Family,11 Daniel St,6/21/2025,228900,996,229.82,293084,294.26,Ranch,1979,0.15,3,1
144.2-1-18,Single Family,28 Woodlawn Ave,6/21/2025,205000,948,216.24,262482,276.88,Ranch,1952,0.17,3,1
155.18-3-5,Single Family,212 Madison Ave E,6/21/2025,155000,775,200,198462,256.08,Ranch,1950,0.1,2,1
177.12-1-17,Single Family,2736 Brookview Rd,6/21/2025,220000,912,241.23,281688,308.87,Ranch,1954,0.28,2,1
155.14-18-3,Single Family,210 Tampa Ave,12/24/2025,355000,1750,202.86,355000,202.86,Raised Ranch,1972,0.15,3,1
178.5-4-3,Single Family,6 Pleasant St,12/24/2025,270000,1780,151.69,270000,151.69,Raised Ranch,1969,0.29,3,2
166.16-7-4,Single Family,128 Elliot Rd,11/24/2025,291000,1500,194,291000,194,Raised Ranch,1970,0.41,3,1
166.5-1-32,Single Family,15 Barber Dr,11/24/2025,335000,1604,208.85,335000,208.85,Raised Ranch,1983,0.17,3,1.5
154.4-12-18,Single Family,27 Moulds Ave,11/24/2025,227000,1512,150.13,227000,150.13,Raised Ranch,1972,0.14,5,2
166.16-9-12,Single Family,5 Chinquapin Ave,11/24/2025,491000,2922,168.04,491000,168.04,Raised Ranch,1971,0.29,5,3
166.14-14-4,Single Family,2 Georgia Ct,9/24/2025,300000,1541,194.68,300000,194.68,Raised Ranch,1972,0.32,3,1.5
167.17-3-29,Single Family,7 Blue Mountain Trl,8/24/2025,245000,2080,117.79,245000,117.79,Raised Ranch,1972,0.28,4,2
177.8-11-3,Single Family,4 Shady Ln,8/24/2025,360000,2256,159.57,360000,159.57,Raised Ranch,1966,0.29,5,1.5
155.10-10-2,Single Family,11 State St,7/24/2025,300000,2346,127.88,300000,127.88,Raised Ranch,1972,0.15,4,1.5
166.10-16-8.2,Single Family,30 Oregon Ave,7/24/2025,467377,1922,243.17,467377,243.17,Raised Ranch,2023,0.21,3,2.5
166.10-21-4,Single Family,24 Corliss Ave,6/24/2025,292500,1552,188.47,297107,191.43,Raised Ranch,1972,0.14,3,2
177.8-4-1.2,Single Family,15 Mountain View Ave,6/24/2025,445000,1770,251.41,452009,255.37,Raised Ranch,2019,0.23,4,3
166.16-12-14,Single Family,24 Berkshire Dr,4/24/2025,352000,1592,221.11,357544,224.59,Raised Ranch,1968,0.3,3,1.5
166.5-1-10,Single Family,19 Daniel St,3/24/2025,330000,1604,205.74,340395,212.22,Raised Ranch,1983,0.2,3,2
166.20-6-4,Single Family,6 Chinquapin Ave,2/24/2025,330000,1567,210.59,340395,217.23,Raised Ranch,1972,0.32,4,1.5
155.14-15-1.5,Single Family,192 McCullough Pl,1/24/2025,300000,1564,191.82,309450,197.86,Raised Ranch,1982,0.15,3,1.5
166.14-16-11.1,Single Family,19 Start Ave,1/24/2025,420000,2176,193.01,433230,199.09,Raised Ranch,2022,0.2,4,3
155.21-9-8,Two Family,15 Fairlawn Ave,9/23/2025,415000,3886,106.79,441145,113.52,Raised Ranch,1970,0.34,5,4
155.10-3-3,Single Fam w Apt,5 Robin Ln,8/23/2025,389896,1976,197.32,414459,209.75,Raised Ranch,1986,0.29,3,2
166.20-7-35,Single Family,21 Chinquapin Ave,8/23/2025,350000,1496,233.96,372050,248.7,Raised Ranch,1972,0.3,4,1.5
166.20-6-6,Single Family,10 Chinquapin Ave,8/23/2025,265000,1520,174.34,281695,185.33,Raised Ranch,1972,0.3,3,2
178.5-1-3,Single Family,118 Horizon View Dr,8/23/2025,406100,2174,186.8,431684,198.57,Raised Ranch,1973,0.32,3,2
166.20-14-13,Single Family,69 Berkshire Dr,8/23/2025,310000,1728,179.4,329530,190.7,Raised Ranch,1971,0.3,4,2
154.4-11-6,Single Family,7 Alpine St,8/23/2025,290000,1607,180.46,308270,191.83,Raised Ranch,1973,0.19,3,1.5
166.20-7-8,Single Family,16 Alva St,8/23/2025,375000,2250,166.67,398625,177.17,Raised Ranch,1970,0.37,3,2.5
155.-5-5,Single Family,47 Mannix Rd,6/23/2025,325000,1768,183.82,351081,198.58,Raised Ranch,1960,0.99,3,1.5
177.7-4-2,Single Family,37 Bloomingdale Ave,6/23/2025,337500,1608,209.89,364584,226.73,Raised Ranch,1969,0.25,3,2
166.20-7-38,Single Fam w Apt,15 Chinquapin Ave,5/23/2025,270000,2464,109.58,291668,118.37,Raised Ranch,1971,0.34,4,3
144.3-4-9.2,Single Family,325 3rd Ave Ext,4/23/2025,325000,1836,177.02,351081,191.22,Raised Ranch,1994,0.27,4,2
166.10-18-5.2,Single Family,24 Delaware Ave,4/23/2025,349000,1952,178.79,377007,193.14,Raised Ranch,2011,0.2,3,2
144.3-1-28,Two Family,18 Tanners Ln,3/23/2025,340000,2088,162.84,373150,178.71,Raised Ranch,1965,0.31,5,3
166.20-6-8,Single Family,14 Chinquapin Ave,3/23/2025,350000,2588,135.24,384125,148.43,Raised Ranch,1972,0.27,4,2
166.14-21-2,Single Family,47 Cooper Ave,3/23/2025,295000,1716,171.91,323763,188.67,Raised Ranch,1974,0.14,3,1.5
166.19-1-5.21,Single Family,18 Petalas Dr,1/23/2025,365000,2004,182.14,400588,199.89,Raised Ranch,2013,0.25,3,2
177.7-2-4,Single Family,85 Hays Rd,11/22/2025,306940,1804,170.14,342161,189.67,Raised Ranch,1969,0.27,3,1.5
166.20-11-3,Single Family,4 Johnny Cir,11/22/2025,320000,1936,165.29,356720,184.26,Raised Ranch,1973,0.26,4,1.5
166.14-19-3.2,Single Family,5 Denise Ct,10/22/2025,260000,1522,170.83,289835,190.43,Raised Ranch,1978,0.14,4,1.5
154.60-6-8,Single Family,14 Chestnut Ct,10/22/2025,255000,2029,125.68,284261,140.1,Raised Ranch,1968,0.17,3,1.5
166.14-16-11.2,Single Family,17 Start Ave,9/22/2025,355500,1973,180.18,402426,203.97,Raised Ranch,2022,0.19,3,2.5
154.60-6-10,Single Family,10 Chestnut Ct,9/22/2025,300000,1600,187.5,339600,212.25,Raised Ranch,1970,0.14,3,1.5
155.9-16-2,Single Family,33 Connecticut Ave,8/22/2025,256000,1760,145.45,289792,164.65,Raised Ranch,1971,0.16,3,1
166.5-1-59,Single Family,10 Barber Dr,8/22/2025,272900,1604,170.14,308923,192.6,Raised Ranch,1983,0.22,3,1.5
177.7-2-19,Single Family,3 Jennell Dr,8/22/2025,360000,2316,155.44,407520,175.96,Raised Ranch,1969,0.47,4,2
166.16-8-16,Single Family,9 Highview Pl,7/22/2025,214000,1976,108.3,242248,122.6,Raised Ranch,1974,0.23,3,1.5
155.13-8-43,Single Family,26 Western Ave,6/22/2025,310000,2300,134.78,359197,156.17,Raised Ranch,1968,0.28,4,2
166.14-14-5,Single Family,4 Georgia Ct,6/22/2025,285000,1776,160.47,330230,185.94,Raised Ranch,1972,0.17,3,2
155.16-2-17,Single Family,9 Couse Pl,5/22/2025,249999,2670,93.63,289674,108.49,Raised Ranch,1950,0.27,2,1
155.9-9-3,Single Family,21 Vermont Ave,4/22/2025,250000,1520,164.47,289675,190.58,Raised Ranch,1972,0.14,3,1.5
177.7-1-2.9,Single Family,10 Petalas Dr,4/22/2025,327500,1924,170.22,379474,197.23,Raised Ranch,1987,0.22,3,2.5
166.10-22-3,Single Family,20 Corliss Ave,2/22/2025,285000,1744,163.42,337839,193.72,Raised Ranch,1977,0.14,3,2
144.3-3-24.2,Single Family,10 Willow Ln,2/22/2025,300000,1792,167.41,355620,198.45,Raised Ranch,2022,0.45,3,2.5
166.20-7-32,Single Family,17 Tamarack Ln,1/22/2025,229900,1728,133.04,272523,157.71,Raised Ranch,1971,0.29,3,1.5
166.14-20-3,Two Family,11 Georgia Ct,1/22/2025,280000,1579,177.33,331912,210.2,Raised Ranch,1974,0.14,4,2
166.14-16-7,Two Family,33 Start Ave,1/22/2025,270000,1968,137.2,320058,162.63,Raised Ranch,1975,0.17,4,2
166.7-3-1,Single Family,42 Old Troy Rd,1/22/2025,220000,4224,52.08,260788,61.74,Raised Ranch,1971,0.36,4,3
154.52-1-15,Single Family,19 Riverview Terr,12/21/2025,265000,1940,136.6,321207,165.57,Raised Ranch,1973,0.25,4,2
166.16-7-11,Single Family,11 Albany Pl,11/21/2025,280000,2088,134.1,339388,162.54,Raised Ranch,1974,0.57,4,1.5
166.14-4-9,Single Family,20 Delaware Ave,11/21/2025,269000,1741,154.51,326055,187.28,Raised Ranch,2004,0.14,3,2.5
155.14-9-11,Single Family,333 Washington Ave E,11/21/2025,221575,1836,120.68,268571,146.28,Raised Ranch,1971,0.15,4,2
166.10-2-4,Single Family,2 Arizona Ave,10/21/2025,325000,1833,177.3,393933,214.91,Raised Ranch,2021,0.31,4,3
166.16-6-7.1,Single Family,74 Elliot Rd,10/21/2025,320000,1964,162.93,387872,197.49,Raised Ranch,2016,0.38,4,2
155.17-23-1,Single Family,2 Alpine St,10/21/2025,207000,1564,132.35,250905,160.43,Raised Ranch,1972,0.14,3,1.5
166.14-18-1,Single Family,7 Michele Dr,10/21/2025,285000,1555,183.28,345449,222.15,Raised Ranch,1975,0.16,3,2
166.16-6-34,Single Family,36 Point View Dr,10/21/2025,320000,1800,177.78,387872,215.48,Raised Ranch,1969,0.29,3,2
154.4-11-7,Single Family,5 Alpine St,10/21/2025,217000,1496,145.05,263026,175.82,Raised Ranch,1973,0.21,3,1.5
155.18-4-3,Single Family,322 Madison Ave E,10/21/2025,246000,1400,175.71,298177,212.98,Raised Ranch,1973,0.15,4,1.5
155.21-10-6,Single Family,20 Fairlawn Ave,9/21/2025,290000,1688,171.8,359252,212.83,Raised Ranch,1965,0.23,3,2
177.7-1-2.10,Single Family,12 Petalas Dr,9/21/2025,300000,1850,162.16,371640,200.89,Raised Ranch,1987,0.21,3,2.5
177.7-1-2.9,Single Family,10 Petalas Dr,8/21/2025,300000,1924,155.93,371640,193.16,Raised Ranch,1987,0.22,3,2.5
166.14-16-6.1,Single Family,37 Start Ave,8/21/2025,292000,1604,182.04,361730,225.52,Raised Ranch,1986,0.17,3,1.5
166.14-7-19.3,Single Family,3 Garfield Pl,8/21/2025,201000,1066,188.56,248999,233.58,Raised Ranch,1975,0.26,3,1
166.14-7-12,Single Family,3 Eckman Pl,7/21/2025,291000,1858,156.62,360491,194.02,Raised Ranch,1966,0.31,4,2
154.60-6-5,Single Family,20 Chestnut Ct,7/21/2025,275000,1842,149.29,340670,184.95,Raised Ranch,1968,0.2,3,1.5
166.14-19-1,Single Family,11 Denise Ct,7/21/2025,262711,1467,179.08,325446,221.84,Raised Ranch,1973,0.14,3,2
166.19-2-7,Single Family,43 Ternan Ave,7/21/2025,307500,2384,128.98,380931,159.79,Raised Ranch,1990,0.42,3,3
154.68-8-3,Single Family,8 Linden Ave,7/21/2025,185500,1606,115.5,229797,143.09,Raised Ranch,1975,0.15,3,2
166.16-10-10,Single Family,1 Tamarack Ln,7/21/2025,316000,1672,189,391461,234.13,Raised Ranch,1979,0.31,4,2
167.17-5-1,Single Family,1 Johnny Cir,7/21/2025,265000,1536,172.53,328282,213.73,Raised Ranch,1974,0.34,3,2
154.60-7-24,Single Family,23 Chestnut Ct,7/21/2025,260000,1556,167.1,322088,207,Raised Ranch,1969,0.17,3,1.5
166.14-7-13,Single Family,1 Eckman Pl,6/21/2025,216000,1510,143.05,276566,183.16,Raised Ranch,1970,0.24,3,1
154.68-3-10,Single Family,4 Prospect Hills Rd,6/21/2025,265000,2154,123.03,339306,157.52,Raised Ranch,1997,0.2,4,2
166.19-2-37,Single Family,41 Ternan Ave,6/21/2025,270000,1740,155.17,345708,198.68,Raised Ranch,1990,0.5,3,1.5
155.21-9-12,Single Family,1507 Red Mill Rd,6/21/2025,265000,1672,158.49,339306,202.93,Raised Ranch,1965,0.33,3,2
155.14-12-5,Single Family,226 Washington Ave E,12/24/2025,275000,1215,226.34,275000,226.34,Cape Cod,1962,0.13,2,1
166.14-2-3,Single Family,29 Delaware Ave,12/24/2025,136000,957,142.11,136000,142.11,Cape Cod,1955,0.07,3,1
155.9-1-8.1,Single Family,37 Bruen Ct,12/24/2025,320000,1720,186.05,320000,186.05,Cape Cod,1950,0.31,3,1
155.13-8-6,Single Family,13 New Jersey Ave,12/24/2025,261000,1292,202.01,261000,202.01,Cape Cod,1950,0.14,3,1
155.14-9-4,Single Family,312 Hudson Ave E,11/24/2025,301006,1285,234.25,301006,234.25,Cape Cod,1938,0.32,3,1
166.19-1-5.1,Single Family,28 Rugby Rd,11/24/2025,215000,1703,126.25,215000,126.25,Cape Cod,1939,1.19,2,1
154.4-12-12,Single Family,14 Wanzer Ave,10/24/2025,340000,1692,200.95,340000,200.95,Cape Cod,1976,0.37,3,2
166.16-8-4.2,Single Family,4 Hall St,9/24/2025,391000,2080,187.98,391000,187.98,Cape Cod,1985,0.63,4,2
155.21-10-8,Single Family,14 Fairlawn Ave,7/24/2025,295000,1371,215.17,295000,215.17,Cape Cod,1963,0.34,3,1.5
144.3-3-28,Single Family,5 Willow Ln,6/24/2025,377500,2256,167.33,383446,169.97,Cape Cod,1977,0.31,4,2.5
155.14-6-4,Single Fam w Apt,318 Sunset Ave,6/24/2025,279900,1504,186.1,284308,189.03,Cape Cod,1954,0.14,4,2
155.9-11-6,Single Family,15 State St,5/24/2025,254000,1456,174.45,258001,177.2,Cape Cod,1947,0.15,3,2
155.13-12-12,Single Family,107 Hudson Ave W,5/24/2025,269000,1464,183.74,273237,186.64,Cape Cod,1951,0.15,2,1
166.10-1-2,Single Family,4 Corliss Ave,5/24/2025,149373,1248,119.69,151726,121.58,Cape Cod,1938,0.14,3,1
155.10-7-5,Single Family,9 New Hampshire Ave,3/24/2025,250000,1008,248.02,257875,255.83,Cape Cod,1976,0.14,3,1.5
155.17-26-3,Single Family,4 Neptune St,2/24/2025,235000,1512,155.42,242403,160.32,Cape Cod,1954,0.14,4,1
155.17-21-7,Single Family,12 Poplar St,1/24/2025,192000,1836,104.58,198048,107.87,Cape Cod,1958,0.26,3,2
155.13-13-10,Single Family,105 Washington Ave W,1/24/2025,270000,1656,163.04,278505,168.18,Cape Cod,1940,0.14,4,2
155.-9-2,Single Family,1081 Luther Rd,11/23/2025,189500,1834,103.33,198454,108.21,Cape Cod,1978,0.31,4,2
166.20-13-7,Single Family,5 Elmwood Dr,11/23/2025,310000,1519,204.08,324648,213.72,Cape Cod,1943,0.18,2,1.5
144.3-3-26,Single Family,1 Willow Ln,11/23/2025,375000,1897,197.68,392719,207.02,Cape Cod,1955,0.35,4,1.5
155.14-19-1,Single Family,228 Pinehurst Ave,11/23/2025,285000,1515,188.12,298466,197.01,Cape Cod,1945,0.15,3,1
166.20-3-6,Single Family,28 Highland Dr,9/23/2025,465000,1949,238.58,494295,253.61,Cape Cod,1933,0.59,3,2
155.18-3-11,Single Family,238 Madison Ave E,9/23/2025,255000,1080,236.11,271065,250.99,Cape Cod,1940,0.23,2,1
155.9-5-11,Single Family,40 New Jersey Ave,8/23/2025,280000,1266,221.17,297640,235.1,Cape Cod,1951,0.25,3,1
166.7-1-3,Single Family,37 Old Troy Rd,7/23/2025,275000,1972,139.45,292325,148.24,Cape Cod,1947,0.61,3,2
167.-4-60,Single Family,6 Hallenbeck Hl,2/23/2025,630000,3376,186.61,691425,204.81,Cape Cod,2003,2.46,4,2.5
177.-5-12,Single Family,2807 Phillips Rd,2/23/2025,225000,1408,159.8,246938,175.38,Cape Cod,1951,0.77,2,1
155.9-1-1,Single Family,23 Catskill Ave,12/22/2025,274000,1440,190.28,305442,212.11,Cape Cod,1941,0.16,3,1
177.7-1-2.15,Single Family,11 Petalas Dr,12/22/2025,378000,1729,218.62,421376,243.71,Cape Cod,1984,0.21,3,2
155.10-7-12,Single Family,14 Vermont Ave,10/22/2025,212000,1368,154.97,236327,172.75,Cape Cod,1956,0.28,4,1
155.-2-15.122,Single Family,95 Stock Ln,9/22/2025,434000,1971,220.19,491288,249.26,Cape Cod,2005,4.65,3,2.5
155.9-16-8,Single Family,19 Connecticut Ave,9/22/2025,201000,1125,178.67,227532,202.25,Cape Cod,1925,0.15,3,1.5
144.3-2-1,Single Family,268 3rd Ave Ext,9/22/2025,235000,1993,117.91,266020,133.48,Cape Cod,1938,0.21,4,2
155.14-16-15,Single Family,211 Hudson Ave E,8/22/2025,272950,2436,112.05,308979,126.84,Cape Cod,1935,0.15,4,2
154.4-9-4,Single Family,16 Highland View Ave,8/22/2025,262650,1808,145.27,297320,164.45,Cape Cod,1975,0.19,3,2
155.14-19-20,Single Family,207 Tampa Ave,7/22/2025,144000,1274,113.03,163008,127.95,Cape Cod,1935,0.21,3,1
155.9-10-7,Single Family,20 Vermont Ave,7/22/2025,275000,2092,131.45,311300,148.8,Cape Cod,1959,0.28,4,2.5
155.13-2-21,Single Family,66 Sherwood Ave,7/22/2025,247500,1318,187.78,280170,212.57,Cape Cod,1930,0.15,3,1
155.14-6-3,Single Family,314 Sunset Ave,6/22/2025,250000,1080,231.48,289675,268.22,Cape Cod,1951,0.14,2,1
166.7-3-5,Single Family,25 Troy Rd,6/22/2025,215000,1897,113.34,249121,131.32,Cape Cod,1940,0.59,2,1
166.20-8-4,Single Family,5 Johnny Pl,6/22/2025,350000,2010,174.13,405545,201.76,Cape Cod,1969,0.34,3,2
167.-4-67.2,Single Family,7 Hallenbeck Hl,6/22/2025,750000,2666,281.32,869025,325.97,Cape Cod,1999,3.23,4,2.5
155.9-2-29,Single Family,6 Lakeview Ave,5/22/2025,206000,1248,165.06,238692,191.26,Cape Cod,1938,0.1,4,1
155.14-19-3,Two Family,240 Pinehurst Ave,5/22/2025,180000,1684,106.89,208566,123.85,Cape Cod,1937,0.1,4,2
177.12-1-1.2,Single Family,2756 Brookview Rd,5/22/2025,307500,1624,189.35,356300,219.4,Cape Cod,2008,0.49,4,2
166.15-2-5,Single Family,35 Jefferson Ave,4/22/2025,273000,1404,194.44,316325,225.3,Cape Cod,1956,0.33,4,1
155.-10-17,Single Family,53 Old Troy Rd,4/22/2025,230000,1182,194.59,266501,225.47,Cape Cod,1957,0.43,4,2.5
177.8-3-2,Single Family,14 Mountain View Ave,2/22/2025,200000,1170,170.94,237080,202.63,Cape Cod,1948,0.6,3,1
155.14-7-4,Single Family,314 Hampton Ave,12/21/2025,180000,1002,179.64,218178,217.74,Cape Cod,1955,0.14,3,1
166.14-9-6,Two Family,59 Phillips Rd,12/21/2025,241900,1771,136.59,293207,165.56,Cape Cod,1950,0.33,4,2
154.68-9-6.1,Single Family,21 May St,12/21/2025,215180,1248,172.42,260820,208.99,Cape Cod,1948,0.12,4,1
166.8-3-7,Single Family,34 Troy Rd,11/21/2025,279000,1392,200.43,338176,242.94,Cape Cod,1949,1.78,3,1
155.13-7-18,Single Family,2 Genesee Ave,11/21/2025,171000,1250,136.8,207269,165.82,Cape Cod,1951,0.14,3,1.5
155.13-7-27,Single Family,39 Genesee Ave,10/21/2025,200000,1344,148.81,242420,180.37,Cape Cod,1945,0.7,3,1
155.9-2-11,Single Family,30 Bruen Ct,10/21/2025,188000,1326,141.78,227875,171.85,Cape Cod,1959,0.16,4,1
155.18-3-10,Single Family,232 Madison Ave E,10/21/2025,210000,1047,200.57,254541,243.11,Cape Cod,1932,0.21,3,1
177.12-1-26,Single Family,2724 Brookview Rd,9/21/2025,205000,1446,141.77,253954,175.63,Cape Cod,1943,0.26,2,1
155.13-11-9,Single Family,2 Lake Shore Dr,9/21/2025,245000,1260,194.44,303506,240.88,Cape Cod,1952,0.12,3,2
155.14-18-13,Single Family,231 Hampton Ave,9/21/2025,255000,1296,196.76,315894,243.75,Cape Cod,1952,0.11,4,2
166.20-1-2,Single Family,8 Elliot Ave,9/21/2025,238000,1322,180.03,294834,223.02,Cape Cod,1925,0.25,3,2
166.5-1-61,Single Family,1 Faith Ln,8/21/2025,211000,1638,128.82,261387,159.58,Cape Cod,1979,0.19,4,2
155.14-18-14,Single Family,229 Hampton Ave,7/21/2025,220000,1296,169.75,272536,210.29,Cape Cod,1953,0.11,4,1.5
155.-10-12,Single Family,61 Troy Rd,6/21/2025,280000,1483,188.81,358512,241.75,Cape Cod,1940,2.25,2,2
166.16-13-15,Single Family,3 Highland Dr,6/21/2025,265000,1568,169.01,339306,216.39,Cape Cod,1938,0.14,3,1.5
178.5-1-8,Single Family,128 Horizon View Dr,7/24/2025,415000,1932,214.8,415000,214.8,Split Level,1974,0.3,4,2.5
144.3-4-4,Single Family,8 Cedarcrest Dr,10/23/2025,375000,2012,186.38,392719,195.19,Split Level,1986,0.31,4,3
144.-1-3.2,Single Family,251 Partition St Ext,1/23/2025,300000,1292,232.2,329250,254.84,Split Level,1977,1,3,1.5
155.14-22-13,Single Family,7 McDonald Ln,6/22/2025,315000,1560,201.92,364991,233.97,Split Level,1986,0.46,3,2
156.-3-8,Single Family,1263 Best Rd,5/22/2025,339000,1660,204.22,392799,236.63,Split Level,1973,1.06,3,1.5
167.13-1-5,Single Family,13 Delehunt Dr,9/21/2025,391255,2216,176.56,484687,218.72,Split Level,1986,0.34,4,3
166.16-9-2.2,Single Family,36 Highview Pl,9/21/2025,290000,1696,170.99,359252,211.82,Split Level,1985,0.26,3,1.5
166.7-2-7,Single Family,3 Columbia Dr,5/21/2025,302000,2112,142.99,386681,183.09,Split Level,1960,0.36,4,2
178.-1-1.4,Single Family,145 Horizon View Dr,10/20/2025,350000,2538,137.9,477260,188.05,Split Level,1963,3.03,4,3.5
167.-1-6.2,Single Family,42 Farm Rd,10/20/2025,293000,2832,103.46,399535,141.08,Split Level,1955,2.21,4,2.5
166.16-6-38,Single Family,28 Point View Dr,2/20/2025,249900,1719,145.38,355408,206.75,Split Level,1960,0.22,4,1.5
154.4-15-4,Single Family,120 Cliffe Ave,12/24/2025,230000,1714,134.19,230000,134.19,Colonial,1923,0.66,3,1
155.6-2-34,Single Family,20 Robin Ln,12/24/2025,529900,2335,226.94,529900,226.94,Colonial,1994,0.39,3,2.5
144.14-1-19,Single Family,1 Capitol Pl,11/24/2025,423000,1483,285.23,423000,285.23,Colonial,1987,0.3,3,2.5
155.14-16-10,Single Family,225 Hudson Ave E,11/24/2025,280000,1698,164.9,280000,164.9,Colonial,1937,0.21,3,1
167.17-6-1,Single Family,26 Huntswood Ln,11/24/2025,720000,2764,260.49,720000,260.49,Colonial,1993,0.64,4,2.5
156.-3-34.19,Single Family,10 Spruce Run,10/24/2025,624900,4100,152.41,624900,152.41,Colonial,1991,3.45,4,2.5
177.8-4-35,Single Family,207 Springhurst Dr S,10/24/2025,428000,2133,200.66,428000,200.66,Colonial,1996,0.32,3,2.5
177.7-7-13,Single Family,23 Katelyn Pl,9/24/2025,495000,2205,224.49,495000,224.49,Colonial,2003,0.44,4,2.5
166.18-1-3,Single Family,5 Wyatts Cir,9/24/2025,550000,1631,337.22,550000,337.22,Colonial,2020,0.27,4,2.5
144.3-1-43,Single Family,1 Eddy Ln,8/24/2025,447400,1872,239,447400,239,Colonial,2003,0.31,3,2.5
155.13-15-1,Single Family,2 Hudson Ave W,8/24/2025,405000,2332,173.67,405000,173.67,Colonial,1952,0.19,4,2
177.11-3-15,Single Family,4 Leadholm Ct,8/24/2025,670000,2986,224.38,670000,224.38,Colonial,2007,0.52,4,3
167.-4-32.123,Single Family,27 Park Ridge Dr,8/24/2025,950000,3480,272.99,950000,272.99,Colonial,2016,10.74,5,3.5
156.-3-46.122,Single Family,874 Luther Rd,8/24/2025,757500,2884,262.66,757500,262.66,Colonial,2018,2.5,4,2.5
178.-1-14.23,Single Family,97 Waters Rd,8/24/2025,549000,2714,202.28,549000,202.28,Colonial,1987,2.45,3,2.5
177.11-2-21,Single Family,40 Janine Dr,7/24/2025,635000,2831,224.3,635000,224.3,Colonial,2004,0.29,4,2.5
167.17-3-24,Single Family,119 Horizon View Dr,7/24/2025,381000,1628,234.03,381000,234.03,Colonial,1976,0.22,4,1.5
154.4-2-3,Single Family,8 Birch Ln,7/24/2025,290000,1276,227.27,290000,227.27,Colonial,1900,0.13,3,1
155.11-2-1,Single Family,10 Alice Ln,7/24/2025,690000,2867,240.67,690000,240.67,Colonial,2005,0.62,4,2.5
144.2-5-18,Single Family,17 Grandview Dr,6/24/2025,450000,1696,265.33,457088,269.51,Colonial,1988,1.84,3,2
166.18-1-52,Single Family,10 Wyatts Cir,6/24/2025,620000,2343,264.62,629765,268.79,Colonial,2019,0.24,3,2.5
167.13-3-19,Single Family,7 Pineview Ln,6/24/2025,515000,2071,248.67,523111,252.59,Colonial,1998,0.6,4,2.5
166.20-3-4,Single Family,24 Highland Dr,6/24/2025,410000,1977,207.38,416458,210.65,Colonial,1968,0.3,4,2.5
155.13-5-14.2,Single Family,7 Hampton Ave,6/24/2025,291000,1528,190.45,295583,193.44,Colonial,1949,0.43,3,1
167.17-2-7,Single Family,3 Jerold Dr,5/24/2025,413000,1756,235.19,419505,238.9,Colonial,1968,0.39,3,3.5
167.17-3-20,Single Family,6 Marble Rd,5/24/2025,407000,1860,218.82,413410,222.26,Colonial,1979,0.25,4,2
177.11-3-2,Single Family,25 Kriss Krossing,4/24/2025,455000,1710,266.08,462166,270.27,Colonial,2007,0.49,3,2.5
145.-2-24,Single Family,1510 Best Rd,4/24/2025,550000,2990,183.95,558663,186.84,Colonial,1790,0.97,4,3
144.14-1-48,Single Family,3 Rose Bud Ct,3/24/2025,518000,2109,245.61,534317,253.35,Colonial,2002,0.29,3,2.5
144.-4-57,Single Family,522 3rd Ave Ext,3/24/2025,240000,1453,165.18,247560,170.38,Colonial,1930,0.6,3,1
177.7-7-10,Single Family,20 Katelyn Pl,3/24/2025,480000,2421,198.27,495120,204.51,Colonial,2002,0.36,4,2.5
144.3-3-30.22,Single Family,47 High St,2/24/2025,740000,3313,223.36,763310,230.4,Colonial,2003,1.25,4,2.5
177.7-2-3,Single Family,89 Hays Rd,1/24/2025,415000,1592,260.68,428073,268.89,Colonial,1966,0.26,3,1.5
166.19-1-5.35,Single Family,21 Petalas Dr,12/23/2025,390000,2156,180.89,408428,189.44,Colonial,1986,0.36,4,2.5
167.17-3-14,Single Family,11 Marble Rd,12/23/2025,340000,1616,210.4,356065,220.34,Colonial,1974,0.43,5,2.5
177.8-4-68,Single Family,212 Springhurst Dr S,12/23/2025,375000,1677,223.61,392719,234.18,Colonial,1996,0.39,3,2.5
155.6-1-35,Single Family,8 Carriage Rd,11/23/2025,540000,2338,230.97,565515,241.88,Colonial,1990,0.33,4,2.5
177.12-4-8,Single Family,5 Hydor Dr,10/23/2025,399000,1848,215.91,417853,226.11,Colonial,1992,0.4,3,2.5
155.11-1-63,Single Family,35 Rose Ln,10/23/2025,490000,2249,217.87,513153,228.17,Colonial,2001,0.51,3,2.5
156.-3-5.3,Single Family,131 Werking Rd,10/23/2025,575000,2104,273.29,602169,286.2,Colonial,1996,6.77,4,2.5
155.17-23-2,Single Family,34 Ridge Rd,8/23/2025,340000,1700,200,361420,212.6,Colonial,1919,0.1,3,2.5
167.-4-50.16,Single Family,12 Spruce Run,8/23/2025,710000,3200,221.88,754730,235.85,Colonial,1995,2.06,4,2.5
155.10-6-6,Single Family,2 Massachusetts Ave,7/23/2025,271100,1444,187.74,288179,199.57,Colonial,1950,0.13,4,2
144.14-1-49,Single Family,1 Rose Bud Ct,7/23/2025,625000,2298,271.98,664375,289.11,Colonial,2002,0.33,4,2.5
155.11-1-27,Single Family,17 Rose Ln,7/23/2025,477000,2261,210.97,507051,224.26,Colonial,1998,0.47,4,2.5
177.7-9-6,Single Family,175 Hays Rd,6/23/2025,400000,2232,179.21,432100,193.59,Colonial,1845,0.43,4,2.5
155.10-3-8,Single Family,2 Heather Ln,6/23/2025,489995,2170,225.8,529317,243.92,Colonial,1989,0.55,4,3
144.14-1-41,Single Family,2 Rose Bud Ct,6/23/2025,495000,2065,239.71,534724,258.95,Colonial,2003,0.35,3,2.5
144.14-1-42,Single Family,4 Rose Bud Ct,5/23/2025,500000,2426,206.1,540125,222.64,Colonial,2002,0.28,3,2.5
177.11-2-38,Single Family,10 Taylor Dr,5/23/2025,475000,2196,216.3,513119,233.66,Colonial,2003,0.3,4,2.5
167.17-6-11.2,Single Fam w Apt,5 Tyler Dr,4/23/2025,735000,3399,216.24,793984,233.59,Colonial,2006,1.5,5,4.5
155.6-1-12,Single Family,14 Heather Ln,4/23/2025,386000,1947,198.25,416977,214.16,Colonial,1990,0.29,4,2.5
154.68-5-5,Single Family,11 May St,3/23/2025,185100,1120,165.27,203147,181.38,Colonial,1915,0.11,2,1.5
167.-4-2.12,Single Family,3 Ponderosa Blvd,3/23/2025,660000,3376,195.5,724350,214.56,Colonial,1999,3.09,4,4
177.7-6-25,Single Family,11 Katelyn Pl,3/23/2025,430000,2215,194.13,471925,213.06,Colonial,2002,0.51,4,2.5
155.21-10-10,Single Family,10 Fairlawn Ave,3/23/2025,271537,1364,199.07,298012,218.48,Colonial,1966,0.25,3,1.5
154.60-2-9,Single Family,41 Hillview Ave,3/23/2025,259000,1971,131.41,284253,144.22,Colonial,1910,0.41,5,1.5
155.9-15-8,Single Family,15 Rhode Island Ave,2/23/2025,228000,1400,162.86,250230,178.74,Colonial,1970,0.14,3,1.5
167.13-3-17,Single Family,3 Pineview Ln,12/22/2025,601000,2930,205.12,669965,228.66,Colonial,1997,0.74,4,3.5
167.13-1-15,Single Family,8 Delehunt Dr,12/22/2025,413000,2488,166,460392,185.04,Colonial,1988,0.31,4,2.5
167.17-5-6,Single Family,110 Horizon View Dr,12/22/2025,383000,1932,198.24,426949,220.99,Colonial,1974,0.28,4,2.5
166.5-2-26,Single Family,62 Celeste Dr,12/22/2025,349000,1680,207.74,389048,231.58,Colonial,1988,0.25,3,3
166.18-1-47,Single Family,20 Wyatts Cir,11/22/2025,500000,1881,265.82,557375,296.32,Colonial,2022,0.24,3,2.5
177.8-4-66,Single Family,208 Springhurst Dr S,11/22/2025,350000,1864,187.77,390163,209.31,Colonial,1995,0.3,3,1.5
167.-4-65,Single Family,3 Hallenbeck Hl,11/22/2025,567000,2904,195.25,632063,217.65,Colonial,1993,3.12,3,2.5
167.-4-32.125,Single Family,19 Park Ridge Dr,11/22/2025,685720,2417,283.71,764406,316.26,Colonial,2022,2.29,4,2.5
177.8-4-38,Single Family,213 Springhurst Dr S,11/22/2025,500000,2376,210.44,557375,234.59,Colonial,1996,0.33,4,3.5
155.11-1-40,Single Family,16 Alice Ln,10/22/2025,425000,2207,192.57,473769,214.67,Colonial,2004,0.4,3,2.5
167.13-3-22,Single Family,12 Hartfield Ct,9/22/2025,520000,2311,225.01,588640,254.71,Colonial,1998,0.69,4,2.5
157.-2-1.20,Single Family,54 Louis Dr,9/22/2025,470000,1829,256.97,532040,290.89,Colonial,1983,5,3,2.5
177.7-6-19,Single Family,6 Katelyn Pl,8/22/2025,475000,3205,148.21,537700,167.77,Colonial,2002,0.6,4,2.5
177.7-7-25,Single Family,16 Janine Dr,8/22/2025,547900,2800,195.68,620223,221.51,Colonial,2002,0.26,4,2.5
166.19-2-27,Single Family,21 Ternan Ave,8/22/2025,525000,2650,198.11,594300,224.26,Colonial,1994,0.67,4,2.5
144.10-1-38,Single Family,29 Capitol Pl,7/22/2025,396000,2060,192.23,448272,217.61,Colonial,1988,0.24,4,2.5
156.-3-5.2,Single Family,133 Werking Rd,7/22/2025,521000,2402,216.9,589772,245.53,Colonial,1995,6.72,5,3.5
155.11-1-28,Two Family,15 Rose Ln,7/22/2025,508000,2309,220.01,575056,249.05,Colonial,1998,0.59,4,3.5
144.10-1-2,Single Family,10 Plaza Ave,6/22/2025,345000,1637,210.75,399752,244.2,Colonial,1990,0.24,3,2.5
177.11-2-24,Single Family,1 Gail Ct,6/22/2025,490000,2582,189.78,567763,219.89,Colonial,2004,0.25,4,2.5
155.17-22-8.3,Single Family,52 Ridge Rd,6/22/2025,405000,1828,221.55,469274,256.71,Colonial,2003,0.7,4,2.5
177.7-6-28,Single Family,3 Lori Dr,5/22/2025,515000,2695,191.09,596731,221.42,Colonial,2002,0.34,4,2.5
156.-3-41,Single Family,848 Luther Rd,5/22/2025,180200,1200,150.17,208798,174,Colonial,1978,0.33,3,2
156.-3-56,Single Family,15 Avian Dr,5/22/2025,530000,2709,195.64,614111,226.69,Colonial,1998,1.46,4,2.5
156.-3-34.120,Single Family,6 Brookhaven Ln,5/22/2025,650000,2964,219.3,753155,254.1,Colonial,2001,1.57,4,2.5
144.14-1-33,Single Family,17 Rockefeller Blvd,4/22/2025,380000,2060,184.47,440306,213.74,Colonial,1987,0.28,3,2.5
168.-1-8.3,Single Family,296 Luther Rd,4/22/2025,460000,3175,144.88,533002,167.87,Colonial,1938,1.04,4,2.5
166.19-1-5.32,Single Family,27 Petalas Dr,4/22/2025,367500,2044,179.79,425822,208.33,Colonial,1987,0.28,4,2.5
167.13-3-46,Single Family,3 Hartfield Ct,4/22/2025,525000,2624,200.08,608318,231.83,Colonial,1998,0.7,4,2.5
144.14-1-39,Single Family,22 Rockefeller Blvd,4/22/2025,363000,1870,194.12,420608,224.92,Colonial,1989,0.26,3,2.5
177.1-1-7,Single Family,2796 Phillips Rd,4/22/2025,500555,2566,195.07,579993,226.03,Colonial,2022,0.53,4,2.5
167.-5-14.6,Single Family,302 Waters Rd,4/22/2025,374500,1896,197.52,433933,228.87,Colonial,2001,2.64,4,2.5
177.1-1-2,Single Family,219 Hays Rd,4/22/2025,416000,2631,158.11,482019,183.21,Colonial,2022,0.47,4,2.5
155.10-11-1,Single Family,1 Rysedorph Ln,3/22/2025,370858,2178,170.27,439615,201.84,Colonial,2021,0.22,3,2.5
154.4-15-24,Single Family,30 Railroad Ave,3/22/2025,230000,1104,208.33,272642,246.96,Colonial,1979,0.1,3,1.5
155.10-11-3,Single Family,5 Rysedorph Ln,3/22/2025,362077,1676,216.04,429206,256.09,Colonial,2021,0.22,3,2.5
177.8-4-36,Single Family,209 Springhurst Dr S,2/22/2025,445000,2801,158.87,527503,188.33,Colonial,1996,0.29,4,2.5
156.-6-17.2,Single Family,3 Werking Rd,2/22/2025,400000,2875,139.13,474160,164.93,Colonial,2006,2.94,4,2.5
166.18-1-17,Single Family,33 Wyatts Cir,2/22/2025,434369,1794,242.12,514901,287.01,Colonial,2022,0.28,3,2.5
167.13-3-32,Single Family,1 Kristen Ct,2/22/2025,546500,2751,198.66,647821,235.49,Colonial,1997,0.53,4,2.5
155.10-11-27,Single Family,6 Rysedorph Ln,1/22/2025,377311,2160,174.68,447264,207.07,Colonial,2021,0.23,3,2.5
155.11-1-33,Single Family,9 Lois Ln,1/22/2025,465000,3170,146.69,551211,173.88,Colonial,2000,0.42,4,3
155.-9-25,Two Family,82 Troy Rd,1/22/2025,315000,2848,110.6,373401,131.11,Colonial,1940,0.81,6,3
166.18-1-1,Single Family,1 Wyatts Cir,12/21/2025,350160,1622,215.88,424429,261.67,Colonial,2021,0.28,3,2.5
155.18-6-15,Single Family,254 Maryland Ave E,12/21/2025,194000,1056,183.71,235147,222.68,Colonial,1939,0.18,3,1
167.13-3-42,Single Family,5 Jodon Dr,12/21/2025,462000,2770,166.79,559990,202.16,Colonial,1998,0.73,4,3.5
166.5-2-29,Single Family,56 Celeste Dr,11/21/2025,360000,2128,169.17,436356,205.05,Colonial,1988,0.21,4,3
166.10-16-6,Single Family,18 Oregon Ave,11/21/2025,317000,2030,156.16,384236,189.28,Colonial,1961,0.34,4,1.5
166.20-7-7,Single Fam w Apt,18 Alva St,11/21/2025,379000,1834,206.65,459386,250.48,Colonial,1969,35,4,1.5
155.5-4-6,Single Fam w Apt,7 Flora Cir,11/21/2025,444900,2578,172.58,539263,209.18,Colonial,1994,0.71,6,3
177.7-1-2.14,Single Family,13 Petalas Dr,11/21/2025,395000,2672,147.83,478780,179.18,Colonial,1984,0.4,5,2.5
177.7-8-8,Single Family,17 Tamara Ct,10/21/2025,450000,2205,204.08,545445,247.37,Colonial,2002,0.34,4,2.5
155.6-3-25,Single Family,9 Deer Run,10/21/2025,425000,2068,205.51,515143,249.1,Colonial,2002,0.3,4,2.5
166.5-2-18,Single Family,53 Celeste Dr,10/21/2025,375000,2128,176.22,454538,213.6,Colonial,1988,0.21,4,2.5
166.14-21-1,Single Family,49 Cooper Ave,10/21/2025,275000,1768,155.54,333328,188.53,Colonial,1978,0.35,4,2
155.17-22-6.12,Single Family,6 Sunset Ln,10/21/2025,484500,2802,172.91,587262,209.59,Colonial,1994,2.27,4,2.5
145.-2-17.11,Single Family,1444 Best Rd,9/21/2025,500000,2763,180.96,619400,224.18,Colonial,2013,2.7,4,2.5
178.-2-3.12,Single Family,464 Miller Rd,9/21/2025,390000,2194,177.76,483132,220.21,Colonial,1989,1.72,4,2.5
155.11-1-59,Single Family,43 Rose Ln,9/21/2025,460000,2328,197.59,569848,244.78,Colonial,2001,0.42,4,2.5
155.6-3-18,Single Family,20 Mill Run,9/21/2025,480000,2492,192.62,594624,238.61,Colonial,2000,0.3,4,2.5
155.10-11-12,Single Family,23 Rysedorph Ln,9/21/2025,369910,2066,179.05,458245,221.8,Colonial,2021,0.22,3,2.5
155.13-6-13,Two Family,37 Genesee Ave,9/21/2025,219000,2688,81.47,271297,100.93,Colonial,1940,0.15,6,2
167.-4-2.16,Single Family,10 Ponderosa Blvd,9/21/2025,599900,3588,167.2,743156,207.12,Colonial,1994,1.47,5,4
155.16-4-9,Single Family,24 Glaz St,9/21/2025,424051,1999,212.13,525314,262.79,Colonial,2021,0.29,4,2.5
144.10-1-29,Single Family,24 Capitol Pl,8/21/2025,375000,2576,145.57,464550,180.34,Colonial,1988,0.24,5,3.5
177.7-8-7,Single Family,15 Tamara Ct,8/21/2025,450000,2838,158.56,557460,196.43,Colonial,2002,0.41,4,2.5
167.17-5-2,Single Family,102 Horizon View Dr,8/21/2025,331000,1904,173.84,410043,215.36,Colonial,1970,0.39,4,2
144.10-3-31,Single Family,36 Capitol Pl,8/21/2025,335000,1901,176.22,414998,218.31,Colonial,1989,0.27,4,2.5
167.-4-2.13,Single Family,11 Ponderosa Blvd,8/21/2025,470000,2920,160.96,582236,199.4,Colonial,1989,1.39,4,2.5
155.5-4-23,Single Family,18 Valentine Dr,7/21/2025,460000,2438,188.68,569848,233.74,Colonial,2020,0.76,4,2.5
166.20-8-5,Single Family,7 Johnny Pl,7/21/2025,310000,2270,136.56,384028,169.18,Colonial,1972,0.34,6,3.5
178.5-1-4,Single Family,120 Horizon View Dr,7/21/2025,310000,1892,163.85,384028,202.97,Colonial,1970,0.26,4,2.5
166.20-7-16,Single Family,25 Tamarack Ln,7/21/2025,250000,1628,153.56,309700,190.23,Colonial,1972,0.29,4,1.5
156.-3-34.10,Single Family,1 Spruce Run,7/21/2025,500000,3140,159.24,619400,197.26,Colonial,1991,2.6,4,3.5
167.-4-32.112,Single Family,71 Park Ridge Dr,7/21/2025,542500,3463,156.66,672049,194.07,Colonial,2006,3.32,4,2.5
156.-3-34.3,Single Family,88 New Rd,7/21/2025,349000,2878,121.26,432341,150.22,Colonial,1989,2.33,4,2.5
177.7-8-5,Single Family,18 Tamara Ct,7/21/2025,475000,2556,185.84,588430,230.22,Colonial,2002,0.36,4,2.5
167.13-3-4,Single Family,20 Pineview Ln,7/21/2025,466000,2824,165.01,577281,204.42,Colonial,1997,1.16,5,3
145.-2-17.221,Single Family,1432 Best Rd,6/21/2025,465000,2677,173.7,595386,222.41,Colonial,2008,2.01,4,2.5
156.-3-34.21,Single Family,6 Spruce Run,6/21/2025,470000,2431,193.34,601788,247.55,Colonial,1990,2.09,4,2.5
166.18-1-5,Single Family,9 Wyatts Cir,6/21/2025,356761,1620,220.22,456797,281.97,Colonial,2021,0.27,3,2.5
166.5-2-20,Single Family,57 Celeste Dr,6/21/2025,360000,2185,164.76,460944,210.96,Colonial,1988,0.21,4,2.5
166.20-13-10,Single Family,37 Highland Dr,6/21/2025,232000,1680,138.1,297053,176.82,Colonial,1933,0.15,3,1.5
144.14-1-9,Single Family,6 Rockefeller Blvd,3/24/2025,410000,1903,215.45,422915,222.24,Contemporary,1987,0.25,3,3.5
144.10-1-8,Single Family,60 Capitol Pl,1/24/2025,370000,1617,228.82,381655,236.03,Contemporary,1988,0.31,3,2.5
144.14-1-29,Single Family,14 Capitol Pl,1/24/2025,400000,1903,210.19,412600,216.82,Contemporary,1988,0.24,3,2.5
167.13-3-3,Single Family,13 Pineview Ln,1/24/2025,775000,3963,195.56,799413,201.72,Contemporary,1998,1.16,5,4
177.-2-1.12,Single Family,896 Ridge Rd,12/23/2025,495000,3283,150.78,518389,157.9,Contemporary,2010,9.59,3,3.5
144.14-1-15,Single Family,7 Rockefeller Blvd,11/23/2025,337700,1483,227.71,353656,238.47,Contemporary,1987,0.27,2,2.5
156.-3-31.8,Single Family,15 Budd Ln,8/23/2025,650000,2984,217.83,690950,231.55,Contemporary,1987,2.27,4,3
167.13-1-22,Single Fam w Apt,22 Delehunt Dr,4/23/2025,443000,2352,188.35,478551,203.47,Contemporary,1986,0.32,4,3.5
168.-2-2,Three Family,361 Luther Rd,4/23/2025,449000,3648,123.08,485032,132.96,Contemporary,1972,8.79,5,4
155.-2-42,Single Family,36 Oriel Ln,2/23/2025,635000,3536,179.58,696913,197.09,Contemporary,1994,1.13,4,4.5
167.-4-33.12,Single Family,489 Miller Rd,2/23/2025,525000,3499,150.04,576188,164.67,Contemporary,2012,2.74,4,3.5
168.-1-9.1,Single Family,46 Best Luther Rd,11/22/2025,451500,2456,183.84,503310,204.93,Contemporary,1987,13.94,4,2.5
154.4-1-3.1,Single Family,4 Birch Ln,10/22/2025,312000,1800,173.33,347802,193.22,Contemporary,1991,0.26,3,2.5
167.17-6-3,Single Family,22 Huntswood Ln,9/22/2025,520000,2182,238.31,588640,269.77,Contemporary,1990,0.65,4,2.5
155.14-15-1.8,Single Family,245 Hampton Ave,6/22/2025,292317,1494,195.66,338708,226.71,Contemporary,1982,0.18,3,2.5
156.-3-31.19,Single Family,4 Budd Ln,6/22/2025,500004,2596,192.61,579355,223.17,Contemporary,1986,1.22,4,2.5
156.-3-31.18,Single Family,6 Budd Ln,1/22/2025,640000,2704,236.69,758656,280.57,Contemporary,1985,1.82,4,3
156.-3-31.4,Single Family,7 Budd Ln,10/21/2025,500900,3444,145.44,607141,176.29,Contemporary,1984,1.68,4,4.5
167.-4-39.131,Single Family,1 Town Park Rd,9/21/2025,412000,2346,175.62,510386,217.56,Contemporary,1987,1.98,3,2.5
156.-3-12.116,Single Family,178 Werking Rd,8/21/2025,425000,2625,161.9,526490,200.57,Contemporary,1982,5.3,4,2.5
144.10-1-19,Single Family,25 Rockefeller Blvd,6/21/2025,288400,1487,193.95,369267,248.33,Contemporary,1988,0.28,3,1.5
144.14-1-24,Single Family,11 Capitol Pl,6/21/2025,330000,1903,173.41,422532,222.03,Contemporary,1988,0.37,3,2.5
166.7-6-7,Single Family,7 Greenbush Ave,11/24/2025,275000,1444,190.44,275000,190.44,Old Style,1925,0.29,4,1.5
154.60-7-12,Single Family,16 Hillview Ave,11/24/2025,260000,1846,140.85,260000,140.85,Old Style,1930,0.18,3,1.5
155.17-14-3,Single Family,66 Southern Ave,10/24/2025,280000,1664,168.27,280000,168.27,Old Style,1928,0.14,4,1.5
155.9-4-5,Single Family,31 New Jersey Ave,10/24/2025,230000,860,267.44,230000,267.44,Old Style,1925,0.07,2,1
155.13-2-1,Two Family,129 Columbia Tpke,10/24/2025,180000,2130,84.51,180000,84.51,Old Style,1900,0.18,4,2
166.16-4-5,Single Family,85 Elliot Rd,9/24/2025,250000,864,289.35,250000,289.35,Old Style,1925,1.32,3,1
155.9-13-1,Single Family,17 Sherwood Ave,9/24/2025,153000,1050,145.71,153000,145.71,Old Style,1910,0.29,3,1
155.9-13-4,Single Family,21 Sherwood Ave,9/24/2025,157000,1486,105.65,157000,105.65,Old Style,1926,0.15,3,1
155.14-1-8,Single Family,10 New York Ave,9/24/2025,260000,1318,197.27,260000,197.27,Old Style,1945,0.24,1,1
155.10-9-2,Single Family,1395 Red Mill Rd,8/24/2025,224900,1941,115.87,224900,115.87,Old Style,1977,0.13,3,1
155.13-7-17,Single Family,25 Hampton Ave,8/24/2025,132500,640,207.03,132500,207.03,Old Style,1928,0.16,1,1
177.8-6-3,Single Family,28 Electric Ave,7/24/2025,365524,1862,196.31,365524,196.31,Old Style,1918,0.34,4,1.5
166.10-16-3,Single Family,19 Michigan Ave,6/24/2025,185000,1696,109.08,187914,110.8,Old Style,1939,0.15,2,2
154.68-7-1,Single Family,24 May St,6/24/2025,120000,1268,94.64,121890,96.13,Old Style,1900,0.33,3,1
166.16-6-5,Single Family,62 Elliot Rd,6/24/2025,220000,1140,192.98,223465,196.02,Old Style,1929,1.2,3,1
166.10-16-8.1,Single Family,26 Oregon Ave,5/24/2025,250000,1360,183.82,253938,186.72,Old Style,1920,0.27,3,2
166.11-1-2,Single Family,5 McCabe Ave,4/24/2025,230000,1446,159.06,233623,161.56,Old Style,1916,0.66,3,1
155.14-14-2,Single Family,250 Hampton Ave,3/24/2025,215000,936,229.7,221773,236.94,Old Style,1940,0.12,3,1.5
155.9-16-11,Single Family,11 Connecticut Ave,3/24/2025,277000,1092,253.66,285726,261.65,Old Style,1930,0.34,3,1
166.20-15-8,Single Family,19 Mountain View Ave,2/24/2025,285000,1148,248.26,293978,256.08,Old Style,1934,0.2,2,1
155.17-1-4,Single Family,2 Pine Grove St,2/24/2025,215000,1296,165.9,221773,171.12,Old Style,1939,0.09,3,1
155.14-12-18,Single Family,245 Madison Ave E,1/24/2025,289900,1616,179.39,299032,185.04,Old Style,1935,0.15,3,2
166.16-6-42,Single Family,20 Point View Dr,12/23/2025,400000,1996,200.4,418900,209.87,Old Style,1939,0.58,3,1.5
155.10-1-6,Single Family,14 State St,12/23/2025,250000,1140,219.3,261813,229.66,Old Style,1933,0.21,2,1
155.14-14-1,Single Family,248 Hampton Ave,12/23/2025,315000,1160,271.55,329884,284.38,Old Style,1928,0.16,3,2
166.10-9-9,Single Family,9 Cooper Ave,11/23/2025,240000,1344,178.57,251340,187.01,Old Style,1967,0.14,3,1.5
156.-3-23,Single Family,1087 Best Rd,11/23/2025,99900,953,104.83,104620,109.78,Old Style,1935,0.7,3,1
144.-4-58.2,Single Family,516 3rd Ave Ext,11/23/2025,233000,1820,128.02,244009,134.07,Old Style,1949,0.56,3,1.5
155.14-13-4,Single Family,210 Hudson Ave E,10/23/2025,185400,1440,128.75,194160,134.83,Old Style,1935,0.15,3,1
155.17-21-1,Single Family,33 Ridge Rd,10/23/2025,167000,858,194.64,174891,203.84,Old Style,1950,0.27,1,1
155.14-2-5,Single Family,239 Pinehurst Ave,9/23/2025,90000,660,136.36,95670,144.95,Old Style,1940,0.11,2,1
166.20-13-11,Single Family,35 Highland Dr,8/23/2025,350000,1785,196.08,372050,208.43,Old Style,1935,0.15,3,1.5
155.9-1-29,Single Family,26 Catskill Ave,8/23/2025,291013,1368,212.73,309347,226.13,Old Style,1938,0.18,3,1
155.13-16-6,Single Family,11 Hudson Ave W,8/23/2025,265000,1290,205.43,281695,218.37,Old Style,1928,0.14,3,1.5
155.13-21-7,Single Family,136 Columbia Tpke,7/23/2025,112000,1428,78.43,119056,83.37,Old Style,1928,0.21,3,1
177.-1-4,Single Family,440 Hays Rd,7/23/2025,227000,1525,148.85,241301,158.23,Old Style,1952,1.6,3,2
156.-3-19,Single Family,1044 Best Rd,7/23/2025,84900,480,176.88,90249,188.02,Old Style,1940,0.47,1,1
166.10-14-5,Single Family,9 Virginia Ave,7/23/2025,246000,1312,187.5,261498,199.31,Old Style,1935,0.14,2,1
154.68-7-3,Single Family,1 Linden Ave,5/23/2025,200000,1160,172.41,216050,186.25,Old Style,1915,0.35,5,1
166.20-14-24,Single Family,58 Highland Dr,4/23/2025,247200,1178,209.85,267038,226.69,Old Style,1950,0.29,2,1
167.-4-16,Single Family,432 Luther Rd,4/23/2025,420000,1734,242.21,453705,261.65,Old Style,1944,1.5,3,2
177.8-5-3,Single Family,15 Electric Ave,3/23/2025,235000,1825,128.77,257913,141.32,Old Style,1938,0.6,4,2
167.-1-13,Single Family,181 Elliot Rd,2/23/2025,230000,1365,168.5,252425,184.93,Old Style,1920,0.89,2,1
155.17-3-6,Single Family,3 Oak St,1/23/2025,145000,1326,109.35,159138,120.01,Old Style,1926,0.09,2,1.5
155.13-6-21,Single Family,23 Hampton Ave,12/22/2025,315000,1616,194.93,351146,217.29,Old Style,1933,0.35,3,1.5
177.-1-3.1,Single Family,428 Hays Rd,11/22/2025,401000,2064,194.28,447015,216.58,Old Style,1940,6.15,3,2
155.21-9-10,Single Family,19 Fairlawn Ave,11/22/2025,275000,2735,100.55,306556,112.09,Old Style,1938,0.99,3,2
155.13-3-3,Two Family,99 Sherwood Ave,11/22/2025,210000,1047,200.57,234098,223.59,Old Style,1927,0.33,3,2
167.-4-25.2,Single Family,445 Luther Rd,11/22/2025,109000,1488,73.25,121508,81.66,Old Style,1895,0.65,3,1
155.17-3-1,Two Family,21 Ridge Rd,11/22/2025,192000,1596,120.3,214032,134.11,Old Style,1928,0.09,3,2
166.-5-9.1,Single Family,157 Michael Rd,10/22/2025,294000,1299,226.33,327737,252.3,Old Style,1976,1.61,3,1.5
154.68-2-5,Single Family,2 Prospect Heights Ave,10/22/2025,231000,1056,218.75,257507,243.85,Old Style,1920,0.09,3,1
155.10-6-8,Single Family,10 Massachusetts Ave,9/22/2025,246250,1825,134.93,278755,152.74,Old Style,1930,0.14,3,2
155.9-4-7,Single Family,48 Sherwood Ave,8/22/2025,163900,1300,126.08,185535,142.72,Old Style,1925,0.16,4,2
155.13-8-46,Single Family,6 Pennsylvania Ave,8/22/2025,193900,800,242.38,219495,274.37,Old Style,1950,0.27,2,1
155.13-21-8,Single Family,138 Columbia Tpke,8/22/2025,275000,1563,175.94,311300,199.17,Old Style,1929,0.21,3,1.5
177.-2-5,Single Family,200 Phillips Rd,7/22/2025,714375,4072,175.44,808673,198.59,Old Style,1900,6.01,4,3
155.9-16-15,Single Family,34 New York Ave,7/22/2025,227500,1692,134.46,257530,152.2,Old Style,1938,0.14,4,2
155.13-16-4,Single Family,12 Mohawk Ave,7/22/2025,245000,1169,209.58,277340,237.25,Old Style,1930,0.28,2,1.5
177.-5-23,Single Family,2789 Phillips Rd,6/22/2025,420000,3440,122.09,486654,141.47,Old Style,1932,1.79,4,2.5
177.-1-2.1,Single Family,416 Hays Rd,6/22/2025,335000,2034,164.7,388165,190.84,Old Style,1940,1.81,3,2
155.13-21-31,Single Family,4 Newbury St,6/22/2025,153000,754,202.92,177281,235.12,Old Style,1902,0.19,2,1
177.-1-2.2,Single Family,418 Hays Rd,6/22/2025,225000,1050,214.29,260708,248.29,Old Style,1940,2.18,2,1
155.17-22-5,Single Family,56 Ridge Rd,5/22/2025,280000,1500,186.67,324436,216.29,Old Style,1949,0.25,3,1.5
155.9-14-5,Two Family,14 Rhode Island Ave,5/22/2025,237000,2648,89.5,274612,103.71,Old Style,1925,0.21,6,2
167.-3-4.1,Single Family,389 Elliot Rd,4/22/2025,500000,2117,236.18,579350,273.67,Old Style,1851,1.75,3,1.5
155.13-8-20./1,Single Family,123 Hampton Ave,4/22/2025,230000,1844,124.73,266501,144.52,Old Style,1929,0.09,5,2.5
155.13-17-7,Single Family,24 Hampton Ave,4/22/2025,135000,904,149.34,156425,173.04,Old Style,1929,0.06,3,1
155.13-6-27,Single Family,4 Muriel Ave,3/22/2025,231000,1352,170.86,273827,202.54,Old Style,1934,0.32,2,1
166.-5-25,Single Family,2 Old Troy Rd,3/22/2025,180000,1579,114,213372,135.13,Old Style,1910,0.65,3,1
155.17-5-4,Single Family,1010 Pine St,2/22/2025,115000,1482,77.6,136321,91.98,Old Style,1920,0.47,2,2
144.-1-5,Single Family,235 Partition Street Ext,2/22/2025,231000,1874,123.27,273827,146.12,Old Style,1929,0.72,3,1.5
155.13-8-15,Single Family,15 Ontario Ave,1/22/2025,205000,1364,150.29,243007,178.16,Old Style,1925,0.08,2,1
155.15-1-6,Single Family,1264 Red Mill Rd,1/22/2025,300000,2181,137.55,355620,163.05,Old Style,1930,0.81,3,1.5
155.13-4-7,Single Family,2 Clinton St,1/22/2025,195000,1646,118.47,231153,140.43,Old Style,1920,0.27,3,1
155.14-7-18,Single Family,231 Summit Ave,1/22/2025,282400,1460,193.42,334757,229.29,Old Style,1930,0.26,3,2.5
167.-4-14,Single Family,450 Luther Rd,1/22/2025,154000,1408,109.38,182552,129.65,Old Style,1850,1.36,3,1
155.14-4-4,Single Family,255 Pinehurst Ave,1/22/2025,112000,945,118.52,132765,140.49,Old Style,1917,0.33,3,1.5
166.14-5-1,Single Family,26 Phillips Rd,12/21/2025,290000,1440,201.39,351509,244.1,Old Style,1926,0.22,3,2
166.10-14-9,Single Family,16 Wisconsin Ave,12/21/2025,201200,1258,159.94,243875,193.86,Old Style,1949,0.15,3,2
155.13-21-30,Single Family,8 Newbury St,12/21/2025,100000,1026,97.47,121210,118.14,Old Style,1906,0.2,3,1
155.14-4-1,Single Family,216 McCullough Pl,12/21/2025,230000,960,239.58,278783,290.4,Old Style,1929,0.13,3,1
166.10-8-3,Single Family,5 Michigan Ave,11/21/2025,246000,1460,168.49,298177,204.23,Old Style,1930,0.28,3,1.5
155.13-5-6,Single Family,33 Clinton St,11/21/2025,163000,928,175.65,197572,212.9,Old Style,1939,0.28,2,1
155.14-20-11,Single Family,20 Ontario Ave,10/21/2025,225000,912,246.71,272723,299.04,Old Style,1929,0.14,4,2
155.9-2-32,Two Family,1 Lakeview Ave,10/21/2025,265000,3079,86.07,321207,104.32,Old Style,1925,0.15,6,3
155.17-17-7,Single Family,5 Hill St,9/21/2025,142729,702,203.32,176813,251.87,Old Style,1941,0.14,2,1
155.9-9-9,Single Family,28 Massachusetts Ave,9/21/2025,125000,1490,83.89,154850,103.93,Old Style,1911,0.33,3,1
166.10-17-4,Single Family,19 Oregon Ave,7/21/2025,170000,784,216.84,210596,268.62,Old Style,1949,0.27,2,1
155.10-4-1,Single Family,9 Rhode Island Ave,7/21/2025,215000,2148,100.09,266342,124,Old Style,1950,0.21,6,2
177.12-2-8,Single Family,14 Middlesex Rd,7/21/2025,229900,2127,108.09,284800,133.9,Old Style,1930,0.47,3,2
155.14-3-4,Single Family,245 Tampa Ave,7/21/2025,245000,1080,226.85,303506,281.02,Old Style,1926,0.14,2,2
177.8-4-3.22,Single Family,678 Columbia Tpke,6/21/2025,286000,1965,145.55,366194,186.36,Old Style,1936,0.33,4,1.5
155.9-1-12,Single Family,27 Bruen Ct,6/21/2025,255000,1344,189.73,326502,242.93,Old Style,1940,0.21,3,1.5
155.16-2-16,Single Family,7 Couse Pl,6/21/2025,226000,2047,110.41,289370,141.36,Old Style,1920,0.27,4,1
144.3-2-3,Single Family,274 3rd Ave Ext,8/24/2025,201000,976,205.94,201000,205.94,Cottage,1949,0.62,2,2
168.-1-7.2,Single Family,276 Luther Rd,10/23/2025,214900,1225,175.43,225054,183.72,Cottage,1950,0.98,2,1
166.7-4-2,Single Family,1 Pittsfield Ave,3/23/2025,153191,1344,113.98,168127,125.09,Cottage,1920,0.5,2,1
166.-5-19.111,Two Family,29 Michael Rd,5/24/2025,499000,4184,119.26,506859,121.14,Duplex,1850,10.39,6,2.5
177.-2-11,Two Family,11 Smith Ln,7/23/2025,120000,2916,41.15,127560,43.74,Duplex,1976,0.6,4,2
154.4-8-4.1,Two Family,22 Neptune St,5/22/2025,261000,2496,104.57,302421,121.16,Duplex,1941,0.19,4,2
155.14-11-2,Two Family,330 Madison Ave E,12/21/2025,246000,1168,210.62,298177,255.29,Duplex,1968,0.18,3,2
166.14-22-12,Two Family,22 Donnelly Dr,10/21/2025,270000,2288,118.01,327267,143.04,Duplex,1977,0.21,5,2
154.4-2-1.2,Single Family,1 Brook St,10/24/2025,240000,1900,126.32,240000,126.32,Bungalow,1923,0.2,3,2
155.13-11-15,Single Family,105 Mohawk Ave,10/23/2025,115000,1224,93.95,120434,98.39,Bungalow,1953,0.14,3,1
144.2-1-14.11,Single Family,4 Woodlawn Ave,1/23/2025,175000,1701,102.88,192063,112.91,Bungalow,1939,0.47,3,2
166.10-14-7,Single Family,10 Wisconsin Ave,8/22/2025,200000,1596,125.31,226400,141.85,Bungalow,1943,0.29,2,1.5
155.13-8-31,Single Family,9 St Clair Ave,5/22/2025,97850,842,116.21,113379,134.65,Bungalow,1936,0.14,2,1
154.68-4-1,Single Family,3 Prospect Heights Ave,4/22/2025,205000,1540,133.12,237534,154.24,Bungalow,1920,0.26,2,1.5
154.60-5-2,Single Family,10 Hillview Ave,4/22/2025,210000,1034,203.09,243327,235.33,Bungalow,1940,0.18,2,1
155.18-6-19,Single Family,266 Maryland Ave E,2/22/2025,191900,1080,177.69,227478,210.63,Bungalow,1937,0.21,5,1.5
155.9-16-12,Single Family,22 New York Ave,2/22/2025,199000,1068,186.33,235895,220.88,Bungalow,1947,0.28,3,1
154.4-13-3.1,Single Family,5 Wanzer Ave,2/22/2025,143500,900,159.44,170105,189.01,Bungalow,1977,0.25,2,1
154.4-14-2,Single Family,4 Lunis Ave,11/21/2025,80000,782,102.3,96968,124,Bungalow,1920,0.48,2,1
177.8-2-2,Two Family,20 Castleton Ave,10/21/2025,255000,1687,151.16,309086,183.22,Bungalow,1929,0.18,4,3
154.4-5-8,Single Family,17 Moulds Ave,9/21/2025,186000,1176,158.16,230417,195.93,Bungalow,1920,0.18,3,1
154.4-12-13,Single Family,10 Wanzer Ave,9/21/2025,81600,1200,68,101086,84.24,Bungalow,1915,0.25,3,1
155.13-9-10,Single Family,24 New Jersey Ave,8/21/2025,169900,679,250.22,210472,309.97,Bungalow,1940,0.15,2,1
166.-6-6,Single Family,3 Elliot Ave,7/21/2025,225000,1617,139.15,278730,172.37,Bungalow,1929,0.26,4,2
155.13-8-25,Single Family,28 St Clair Ave,7/21/2025,190000,1104,172.1,235372,213.2,Bungalow,1929,0.15,3,1
155.14-19-10,Single Family,243 Tampa Ave,7/21/2025,230900,1296,178.16,286039,220.71,Bungalow,1927,0.1,4,1.5
145.-2-20.11,Single Family,37 Lashway Ln,11/23/2025,553000,3801,145.49,579129,152.36,Other,1987,2.71,5,3.5
155.13-16-8,Single Family,5 Hudson Ave W,10/23/2025,125000,920,135.87,130906,142.29,Other,1920,0.07,2,1
177.8-9-5,Single Family,20 Van Buren Ave,12/22/2025,276000,1504,183.51,307671,204.57,Other,1970,0.47,3,2.5
155.14-12-9,Single Family,238 Washington Ave E,4/22/2025,185000,1200,154.17,214360,178.63,Other,1950,0.11,3,1
155.-5-3,Single Family,63 Upper Mannix Rd,1/22/2025,235050,1975,119.01,278628,141.08,Other,1878,2.11,4,2
154.4-2-4,Single Family,6 Birch Ln,7/21/2025,245000,1804,135.81,303506,168.24,Other,1923,0.1,5,2
155.18-8-14.1,Single Family,88 Rockrose Dr,12/24/2025,450000,2081,216.24,450000,216.24,Townhouse,2006,0.2,3,2.5
155.76-1-23,Single Family,1302 Huntington Ct,12/24/2025,245000,1300,188.46,245000,188.46,Townhouse,1975,0.02,2,2
144.13-1-25.2,Single Family,18 Empire Cir,12/24/2025,349000,1148,304.01,349000,304.01,Townhouse,1992,0.23,3,3
166.6-2-13.2,Single Family,52 Rockrose Dr,11/24/2025,360000,1524,236.22,360000,236.22,Townhouse,2006,0.19,2,2
154.4-16-26,Single Family,57 Lona Ln,11/24/2025,325000,1656,196.26,325000,196.26,Townhouse,2020,0.47,3,2.5
144.13-1-22.2,Single Family,28 Empire Cir,11/24/2025,369000,1584,232.95,369000,232.95,Townhouse,1992,0.15,4,4
144.10-2-3.3,Single Family,33 Plaza Ave,11/24/2025,330000,1251,263.79,330000,263.79,Townhouse,1988,0.08,2,1.5
144.13-1-17.2,Single Family,45 Empire Cir,9/24/2025,385000,1648,233.62,385000,233.62,Townhouse,1993,0.15,3,3.5
166.6-2-19.2,Single Family,18 Rockrose Dr,8/24/2025,380000,1819,208.91,380000,208.91,Townhouse,2005,0.2,3,2.5
155.18-8-5.1,Single Family,69 Rockrose Dr,7/24/2025,350000,1976,177.13,350000,177.13,Townhouse,2007,0.27,3,2.5
144.13-1-13.22,Single Family,33 Empire Cir,7/24/2025,380000,1584,239.9,380000,239.9,Townhouse,1993,0.13,2,2.5
144.10-2-12.2,Single Family,24 Plaza Ave,7/24/2025,305000,1080,282.41,305000,282.41,Townhouse,1988,0.1,3,1.5
155.-9-12./85,Single Family,85 Yorkshire Dr,7/24/2025,176650,1024,172.51,176650,172.51,Townhouse,1972,0,2,1.5
154.68-10-16.21,Single Family,15 Brook St,7/24/2025,400000,1668,239.81,400000,239.81,Townhouse,2001,0.2,3,2.5
155.76-1-30,Single Family,1504 Huntington Ct,7/24/2025,237000,1300,182.31,237000,182.31,Townhouse,1975,0.02,2,1.5
155.-9-32./205,Single Family,205 Chatham Ct,6/24/2025,190000,1011,187.93,192993,190.89,Townhouse,1973,0.09,2,1.5
166.6-2-14.1,Single Family,46 Rockrose Dr,6/24/2025,450000,2341,192.23,457088,195.25,Townhouse,2006,0.19,3,2.5
144.14-2-4.1,Single Family,68 Plaza Ave,6/24/2025,309000,1020,302.94,313867,307.71,Townhouse,1988,0.18,2,2.5
144.17-1-5.1,Single Family,5 Malibu Hl,5/24/2025,328000,1584,207.07,333166,210.33,Townhouse,1993,0.14,2,2.5
155.68-1-17,Single Family,25 Stirrup Dr,4/24/2025,240000,1239,193.7,243780,196.76,Townhouse,1985,0.05,2,1.5
144.17-1-5.2,Single Family,3 Malibu Hl,3/24/2025,305000,1392,219.11,314608,226.01,Townhouse,1993,0.07,2,2.5
155.76-1-8,Single Family,306 Huntington Ct,2/24/2025,250000,1272,196.54,257875,202.73,Townhouse,1975,0.05,2,1.5
144.13-1-17.1,Single Family,43 Empire Cir,2/24/2025,286000,1148,249.13,295009,256.98,Townhouse,1993,0.19,2,2.5
144.14-2-13.1,Single Family,32 Justine Ct,2/24/2025,245000,1016,241.14,252718,248.74,Townhouse,1988,0.17,2,1.5
144.14-2-5.1,Single Family,1 Sandra Ln,12/23/2025,268000,1132,236.75,280663,247.94,Townhouse,1988,0.17,2,1.5
144.10-2-4.2,Single Family,39 Plaza Ave,11/23/2025,260000,1080,240.74,272285,252.12,Townhouse,1988,0.08,3,2.5
155.76-1-6,Single Family,304 Huntington Ct,11/23/2025,275000,1449,189.79,287994,198.75,Townhouse,1975,0.03,3,2.5
155.18-8-17.2,Single Family,74 Rockrose Dr,10/23/2025,365000,1524,239.5,382246,250.82,Townhouse,2007,0.19,2,2
144.17-1-19.1,Single Family,51 Empire Cir,10/23/2025,365000,1584,230.43,382246,241.32,Townhouse,1994,0.34,2,2.5
155.76-1-26,Single Family,1305 Huntington Ct,9/23/2025,215000,1272,169.03,228545,179.67,Townhouse,1975,0.04,2,1.5
155.-9-32./202,Single Family,202 Chatham Ct,9/23/2025,210000,847,247.93,223230,263.55,Townhouse,1973,0.08,2,1
166.6-2-10.1,Single Family,41 Rockrose Dr,9/23/2025,322500,1524,211.61,342818,224.95,Townhouse,2006,0.33,2,2
155.-9-32./1803,Single Family,1803 Rockport Ct,9/23/2025,215500,1087,198.25,229077,210.74,Townhouse,1973,0.1,3,1.5
155.76-1-2,Single Family,102 Huntington Ct,9/23/2025,299900,1464,204.85,318794,217.76,Townhouse,1975,0.04,4,2
144.17-1-14.1,Single Family,5 Empire Cir,8/23/2025,325000,1584,205.18,345475,218.1,Townhouse,1992,0.17,3,3
154.68-10-13.3,Single Family,33 Brook St,8/23/2025,305000,1246,244.78,324215,260.2,Townhouse,2000,0.18,3,1.5
166.6-2-18.1,Single Family,20 Rockrose Dr,8/23/2025,321750,1529,210.43,342020,223.69,Townhouse,2005,0.21,2,2
144.14-2-9.4,Single Family,23 Justine Ct,8/23/2025,185000,1016,182.09,196655,193.56,Townhouse,1988,0.45,2,2.5
144.10-2-4.1,Single Family,37 Plaza Ave,7/23/2025,261000,951,274.45,277443,291.74,Townhouse,1988,0.15,2,1.5
155.-9-12./34,Single Family,34 Donna Lynn Dr,7/23/2025,175000,841,208.09,186025,221.2,Townhouse,1973,0,2,1
154.68-10-16.1,Single Family,19 Brook St,6/23/2025,285000,1341,212.53,307871,229.58,Townhouse,1999,0.25,2,1.5
155.18-8-20.2,Single Family,60 Rockrose Dr,6/23/2025,380000,2081,182.6,410495,197.26,Townhouse,2006,0.2,3,2.5
144.14-2-13.4,Single Family,38 Justine Ct,6/23/2025,235000,1062,221.28,253859,239.04,Townhouse,1988,0.2,2,1
144.14-2-3.4,Single Family,70 Plaza Ave,6/23/2025,280000,1406,199.15,302470,215.13,Townhouse,1988,0.16,2,1.5
144.17-1-11.1,Single Family,28 Malibu Hl,5/23/2025,310000,1503,206.25,334878,222.81,Townhouse,1990,0.14,2,2.5
155.-9-12./88,Single Family,88 Yorkshire Dr,5/23/2025,212000,1024,207.03,229013,223.65,Townhouse,1973,0.01,2,1.5
144.10-2-5.1,Single Family,47 Plaza Ave,5/23/2025,180000,1080,166.67,194445,180.04,Townhouse,1988,0.18,3,1.5
155.76-1-28,Single Family,1502 Huntington Ct,4/23/2025,264000,1010,261.39,285186,282.36,Townhouse,1975,0.05,2,1.5
166.6-2-14.2,Single Family,48 Rockrose Dr,4/23/2025,373000,2081,179.24,402933,193.62,Townhouse,2006,0.18,3,4
155.-9-12./25,Single Family,25 Donna Lynn Dr,4/23/2025,180000,1014,177.51,194445,191.76,Townhouse,1973,0.02,2,1.5
155.-9-32./606,Single Family,606 Chatham Ct,4/23/2025,172000,871,197.47,185803,213.32,Townhouse,1973,0.08,2,1
154.68-10-15.2,Single Family,25 Brook St,4/23/2025,285000,1422,200.42,307871,216.51,Townhouse,1999,0.14,4,2
155.-9-12./47,Single Family,47 Donna Lynn Dr,3/23/2025,129700,841,154.22,142346,169.26,Townhouse,1973,0.01,2,1
144.17-1-1.1,Single Family,22 Malibu Hl,2/23/2025,294500,1503,195.94,323214,215.05,Townhouse,1990,0.19,2,2.5
155.68-1-30,Single Family,2 Bridle Pl,12/22/2025,205000,1614,127.01,228524,141.59,Townhouse,1985,0.15,3,1.5
154.68-10-23.1,Single Family,34 Brook St,12/22/2025,291000,1523,191.07,324392,213,Townhouse,1999,0.16,2,3
155.-9-32./405,Single Family,405 Chatham Ct,11/22/2025,161000,847,190.08,179475,211.89,Townhouse,1973,0.08,2,1.5
155.76-1-15,Single Family,702 Huntington Ct,11/22/2025,210000,1042,201.54,234098,224.66,Townhouse,1975,0.04,2,1.5
144.10-2-10.2,Single Family,18 Justine Ct,11/22/2025,235000,1016,231.3,261966,257.84,Townhouse,1989,0.08,2,1.5
144.13-1-25.1,Single Family,20 Empire Cir,10/22/2025,325000,1791,181.46,362294,202.29,Townhouse,1992,0.22,2,2.5
155.-9-12./24,Single Family,24 Donna Lynn Dr,10/22/2025,165000,918,179.74,183934,200.36,Townhouse,1973,0.01,1,1
155.68-1-39,Single Family,20 Bridle Pl,10/22/2025,231500,1448,159.88,258065,178.22,Townhouse,1984,0.07,3,1.5
155.-9-32./1804,Single Family,1804 Rockport Ct,10/22/2025,205000,1322,155.07,228524,172.86,Townhouse,1973,0.11,3,2
155.-9-12./16,Single Family,16 Donna Lynn Dr,9/22/2025,160000,841,190.25,181120,215.36,Townhouse,1973,0,2,1
155.-9-12./50,Single Family,50 Yorkshire Dr,8/22/2025,185000,964,191.91,209420,217.24,Townhouse,1973,0.01,2,1
155.18-8-21.1,Single Family,54 Rockrose Dr,8/22/2025,315000,1524,206.69,356580,233.98,Townhouse,2007,0.2,2,2.5
144.10-2-3.2,Single Family,31 Plaza Ave,8/22/2025,229000,1080,212.04,259228,240.03,Townhouse,1988,0.08,3,1.5
155.-9-32./2001,Single Family,2001 Rockport Ct,8/22/2025,202500,1322,153.18,229230,173.4,Townhouse,1973,0.11,3,2
144.10-2-4.5,Single Family,45 Plaza Ave,7/22/2025,225000,1003,224.33,254700,253.94,Townhouse,1988,0.15,2,1
155.-9-32./802,Single Family,802 Fairfield Ct,7/22/2025,178000,1087,163.75,201496,185.37,Townhouse,1973,0.1,3,1.5
144.14-2-7.2,Single Family,3 Justine Ct,7/22/2025,275000,1394,197.27,311300,223.31,Townhouse,1988,0.07,2,1.5
155.-9-12./17,Single Family,17 Donna Lynn Dr,6/22/2025,167000,841,198.57,193503,230.09,Townhouse,1973,0.01,2,1
144.14-2-4.4,Single Family,62 Plaza Ave,6/22/2025,230000,951,241.85,266501,280.23,Townhouse,1988,0.08,2,1.5
155.-9-12./80,Single Family,80 Yorkshire Dr,6/22/2025,170000,1024,166.02,196979,192.36,Townhouse,1973,0.01,2,1.5
154.4-16-21,Single Family,67 Lona Ln,5/22/2025,345000,1623,212.57,399752,246.3,Townhouse,2013,0.16,3,2.5
155.68-1-40,Single Family,22 Bridle Pl,4/22/2025,236000,1412,167.14,273453,193.66,Townhouse,1984,0.07,3,2.5
155.-9-12./74,Single Family,74 Yorkshire Dr,4/22/2025,160000,1024,156.25,185392,181.05,Townhouse,1973,0.01,2,1.5
155.-9-12./68,Single Family,68 Yorkshire Dr,4/22/2025,147000,1014,144.97,170329,167.98,Townhouse,1973,0.01,1,1.5
155.76-1-3,Single Family,301 Huntington Ct,4/22/2025,255000,1468,173.71,295469,201.27,Townhouse,1975,0.03,2,2.5
144.10-2-6.2,Single Family,4 Sandra Ln,3/22/2025,214000,1132,189.05,253676,224.1,Townhouse,1987,0.07,2,1.5
155.-9-12./23,Single Family,23 Donna Lynn Dr,2/22/2025,166500,1014,164.2,197369,194.64,Townhouse,1973,0.01,2,1.5
155.18-8-8.2,Single Family,83 Rockrose Dr,2/22/2025,357000,2081,171.55,423188,203.36,Townhouse,2006,0.22,3,2.5
144.17-1-16.3,Single Family,44 Empire Cir,2/22/2025,301000,1648,182.65,356805,216.51,Townhouse,1993,0.1,2,3.5
155.-9-12./76,Single Family,76 Yorkshire Dr,1/22/2025,120000,1024,117.19,142248,138.91,Townhouse,1973,0.01,2,1.5
166.6-2-13.1,Single Family,50 Rockrose Dr,12/21/2025,315000,1524,206.69,381812,250.53,Townhouse,2006,0.2,2,2
155.68-1-46,Single Family,116 Donna Lynn Dr,12/21/2025,225000,1458,154.32,272723,187.05,Townhouse,1985,0.07,3,2.5
155.-9-32./803,Single Family,803 Fairfield Ct,12/21/2025,168500,1087,155.01,204239,187.89,Townhouse,1973,0.1,3,1.5
155.68-1-6,Single Family,47 Stirrup Dr,11/21/2025,219000,1340,163.43,265450,198.1,Townhouse,1985,0.05,2,1.5
166.6-2-17.1,Single Family,24 Rockrose Dr,11/21/2025,375000,2081,180.2,454538,218.42,Townhouse,2005,0.2,3,2.5
155.-9-12./22,Single Family,22 Donna Lynn Dr,11/21/2025,145000,1014,143,175755,173.33,Townhouse,1973,0,2,1.5
155.68-1-11,Single Family,37 Stirrup Dr,11/21/2025,203940,1400,145.67,247196,176.57,Townhouse,1985,0.09,3,2.5
155.-9-32./1802,Single Family,1802 Rockport Ct,10/21/2025,171000,1087,157.31,207269,190.68,Townhouse,1973,0.1,3,1.5
144.10-2-7.1,Single Family,10 Sandra Ln,10/21/2025,239900,1016,236.12,290783,286.2,Townhouse,1988,0.16,2,1.5
155.18-8-5.2,Single Family,71 Rockrose Dr,10/21/2025,340000,2081,163.38,412114,198.04,Townhouse,2007,0.28,3,2.5
144.13-1-2.2,Single Family,31 Malibu Hl,10/21/2025,267000,1584,168.56,323631,204.31,Townhouse,1991,0.24,2,2.5
155.-9-12./77,Single Family,77 Yorkshire Dr,10/21/2025,149000,1024,145.51,180603,176.37,Townhouse,1973,0.01,2,1.5
155.68-1-8,Single Family,43 Stirrup Dr,9/21/2025,210000,1260,166.67,260148,206.47,Townhouse,1985,0.05,2,1.5
166.6-2-19.1,Single Family,16 Rockrose Dr,9/21/2025,307500,1819,169.05,380931,209.42,Townhouse,2005,0.2,2,2.5
155.-9-32./1604,Single Family,1604 Rockport Ct (S Of),9/21/2025,170000,1322,128.59,210596,159.3,Townhouse,1973,0.11,3,2
154.68-10-13.2,Single Family,35 Brook St,8/21/2025,239580,1968,121.74,296792,150.81,Townhouse,2000,0.18,4,2
144.14-2-6.2,Single Family,9 Sandra Ln,7/21/2025,239000,1232,193.99,296073,240.32,Townhouse,1988,0.08,2,1.5
155.-9-12./69,Single Family,69 Yorkshire Dr,7/21/2025,147300,1014,145.27,182475,179.96,Townhouse,1973,0.01,2,1.5
155.-9-32./802,Single Family,802 Fairfield Ct,6/21/2025,128000,1087,117.76,163891,150.77,Townhouse,1973,0.1,3,1.5
155.-9-32./406,Single Family,406 Chatham Ct,6/21/2025,161000,1322,121.79,206144,155.93,Townhouse,1973,0.11,3,2
144.14-2-7.1,Single Family,1 Justine Ct,6/21/2025,215000,1122,191.62,275286,245.35,Townhouse,1988,0.17,2,2
